,d1r1,d1r0,d0r1,d0r0,ROR,SE,CI95min,CI95max
Dexamethasone,2,1121,13,4568,0.6269127839154601,0.7602855067465387,0.1412664519351292,2.7821158757290116
_undefined,4,1501,11,4188,1.0145963297195808,0.5846486901437647,0.3225746798899331,3.1912167211378515
Etoposide,4,1499,11,4190,1.0164351992237248,0.5846493528613392,0.3231588992857939,3.1970046825394363
Fluorouracil,1,736,14,4953,0.48068711180124224,1.035851902986348,0.06311426623988953,3.6609805233826065
Rituximab,1,733,14,4956,0.4829467939972715,1.0358545281719311,0.06341063646840843,3.678209505883818
Cytarabine,1,728,14,4961,0.48675431711145994,1.0358589527854911,0.06391000781935627,3.7072404355877
Cyclophosphamide,4,1139,11,4550,1.4526298986351664,0.5848135038235863,0.4616912826296252,4.570442851747735
Prednisone,1,473,14,5216,0.7876774388402296,1.0362115875268163,0.10334924211667225,6.003292670085437
Carboplatin,2,579,13,5110,1.3577786634781452,0.7608192212057163,0.30563746178120443,6.031861697360394
Pemetrexed,3,631,12,5058,2.0039619651347067,0.6468764637270009,0.5639714409745411,7.120686024042555
Vincristine,5,882,10,4807,2.7250566893424035,0.5489460964469883,0.9291871403113044,7.991860453042729
Methotrexate,2,426,13,5263,1.9006861682918021,0.7612230293833888,0.4275080435722585,8.450385822331693
Doxorubicin,7,1229,8,4460,3.175345809601302,0.5185508921541855,1.149189365442447,8.773855131065002
Ondansetron,1,285,14,5404,1.3543859649122807,1.0368810883948578,0.17747265397329412,10.336022485060724
Vinorelbine,1,229,14,5460,1.703056768558952,1.03729385124891,0.2229804425631829,13.007429367320464
Paracetamol,1,188,14,5501,2.090045592705167,1.0377521406842376,0.273403018183543,15.977477529724048
Metoclopramide,1,140,14,5549,2.831122448979592,1.0386296939825843,0.3697083075980177,21.679941068111326
Melphalan,3,177,12,5512,7.785310734463277,0.6499983127147521,2.177640663061135,27.833363079722925
Filgrastim,2,126,13,5563,6.792429792429792,0.7648786465723567,1.5168663256866446,30.416063501312685
Morphine,1,96,14,5593,4.161458333333333,1.040203842050904,0.541759037486249,31.965752782682475
Furosemide,1,94,14,5595,4.251519756838905,1.0403103384619141,0.5533681566779409,32.66436643428219
Pregabalin,1,91,14,5598,4.39403453689168,1.0404788405558514,0.5717287041573922,33.77045681107114
Vinblastine,3,133,12,5556,10.443609022556391,0.6514333805235188,2.9129921661646803,37.44224604614169
Mesna,1,76,14,5613,5.275375939849624,1.0415203425825472,0.6850044623091636,40.62687593731899
Lorazepam,1,62,14,5627,6.482718894009216,1.0429455011058841,0.8394291702343828,50.06455070772656
Fluconazole,1,61,14,5628,6.590163934426229,1.0430722396195893,0.8531299783402589,50.90696820560049
Potassium chloride,1,51,14,5638,7.896358543417367,1.0446117855101817,1.0191435418574064,61.18125238036829
Topotecan,2,47,13,5642,18.46808510638298,0.7735482627350951,4.0547519649479105,84.11616060490309
Heparin,1,37,14,5652,10.911196911196912,1.048156728250349,1.398502909602378,85.12976070157937
Diphenhydramine,1,34,14,5655,11.880252100840336,1.0492936532706403,1.5193186441143454,92.89716184704366
Mannitol,1,33,14,5656,12.242424242424242,1.0497182503539828,1.5643330168009848,95.80885254086803
Lomustine,2,38,13,5651,22.87854251012146,0.7767984463339764,4.991190748184659,104.87030726641935
Nystatin,1,30,14,5659,13.473809523809523,1.0511606035368353,1.716818696120096,105.74415545111282
Codeine,1,17,14,5672,23.831932773109244,1.0632160671729802,2.9657290954579985,191.5080580258758
Vancomycin,2,21,13,5668,41.523809523809526,0.790391392676841,8.820687867930456,195.47531702583183
Dinutuximab beta,2,18,13,5671,48.47008547008547,0.7953961077487667,10.195744649626683,230.42448258680272
Aldesleukin,2,16,13,5673,54.54807692307692,0.7997495548605624,11.376767423514357,261.5411377625549
Cefazolin,1,6,14,5683,67.6547619047619,1.1127763483714286,7.639835714777135,599.118486217808
Tobramycin,3,2,12,5687,710.875,0.9575189326070374,108.82700351703397,4643.546631750283
Abacavir,0,0,15,5689,,,,
Abatacept,0,0,15,5689,,,,
Abciximab,0,0,15,5689,,,,
Abemaciclib,0,0,15,5689,,,,
Abiraterone,0,8,15,5681,,,,
Acamprosate,0,0,15,5689,,,,
Acarbose,0,1,15,5688,,,,
Acebutolol,0,0,15,5689,,,,
Aceclofenac,0,0,15,5689,,,,
Acemetacin,0,0,15,5689,,,,
Acenocoumarol,0,0,15,5689,,,,
Acepromazine,0,0,15,5689,,,,
Acetazolamide,0,2,15,5687,,,,
Acetohydroxamic acid,0,0,15,5689,,,,
Acetylcholine,0,0,15,5689,,,,
Acetylcysteine,0,13,15,5676,,,,
Acetylleucine,0,0,15,5689,,,,
Acetylsalicylic acid,0,184,15,5505,,,,
Aciclovir,0,46,15,5643,,,,
Acipimox,0,0,15,5689,,,,
Acitretin,0,0,15,5689,,,,
Aclarubicin,0,0,15,5689,,,,
Aclidinium bromide,0,1,15,5688,,,,
Acrivastine,0,0,15,5689,,,,
Adalimumab,0,1,15,5688,,,,
Adapalene,0,0,15,5689,,,,
Adefovir dipivoxil,0,0,15,5689,,,,
Ademetionine,0,0,15,5689,,,,
Adenosine,0,0,15,5689,,,,
Adrafinil,0,0,15,5689,,,,
Afatinib,0,21,15,5668,,,,
Aflibercept,0,1,15,5688,,,,
Agalsidase alfa,0,0,15,5689,,,,
Agalsidase beta,0,0,15,5689,,,,
Agomelatine,0,0,15,5689,,,,
Ajmaline,0,0,15,5689,,,,
Albendazole,0,0,15,5689,,,,
Albiglutide,0,0,15,5689,,,,
Albumin,0,4,15,5685,,,,
Alcaftadine,0,0,15,5689,,,,
Alclometasone,0,0,15,5689,,,,
Alcuronium,0,0,15,5689,,,,
Aldosterone,0,0,15,5689,,,,
Alectinib,0,3,15,5686,,,,
Alefacept,0,0,15,5689,,,,
Alemtuzumab,0,4,15,5685,,,,
Alendronic acid,0,6,15,5683,,,,
Alfacalcidol,0,1,15,5688,,,,
Alfentanil,0,0,15,5689,,,,
Alfuzosin,0,5,15,5684,,,,
Algeldrate,0,0,15,5689,,,,
Alginic acid,0,3,15,5686,,,,
Alglucosidase alfa,0,0,15,5689,,,,
Alimemazine,0,0,15,5689,,,,
Alirocumab,0,0,15,5689,,,,
Aliskiren,0,0,15,5689,,,,
Alitretinoin,0,0,15,5689,,,,
Alizapride,0,9,15,5680,,,,
Allopurinol,0,81,15,5608,,,,
Almagate,0,0,15,5689,,,,
Almotriptan,0,0,15,5689,,,,
Alogliptin,0,1,15,5688,,,,
Alosetron,0,0,15,5689,,,,
Alprazolam,0,49,15,5640,,,,
Alprostadil,0,4,15,5685,,,,
Alteplase,0,2,15,5687,,,,
Altretamine,0,1,15,5688,,,,
Aluminium chloride,0,0,15,5689,,,,
Aluminium chlorohydrate,0,0,15,5689,,,,
Aluminium glycinate,0,0,15,5689,,,,
Aluminium hydroxide,0,1,15,5688,,,,
Aluminium phosphate,0,0,15,5689,,,,
Alverine,0,0,15,5689,,,,
Alvimopan,0,0,15,5689,,,,
Amantadine,0,0,15,5689,,,,
Ambenonium,0,0,15,5689,,,,
Ambrisentan,0,0,15,5689,,,,
Ambroxol,0,10,15,5679,,,,
Amcinonide,0,0,15,5689,,,,
Amezinium metilsulfate,0,0,15,5689,,,,
Amfepramone,0,0,15,5689,,,,
Amfetamine,0,0,15,5689,,,,
Amifampridine,0,0,15,5689,,,,
Amifostine,0,2,15,5687,,,,
Amikacin,0,8,15,5681,,,,
Amiloride,0,0,15,5689,,,,
Aminobenzoic acid,0,0,15,5689,,,,
Aminocaproic acid,0,1,15,5688,,,,
Aminolevulinic acid,0,0,15,5689,,,,
Aminomethylbenzoic acid,0,1,15,5688,,,,
Aminophenazone,0,0,15,5689,,,,
Aminophylline,0,0,15,5689,,,,
Aminosalicylic acid,0,0,15,5689,,,,
Amiodarone,0,8,15,5681,,,,
Amisulpride,0,0,15,5689,,,,
Amitriptyline,0,40,15,5649,,,,
Amlexanox,0,0,15,5689,,,,
Amlodipine,0,87,15,5602,,,,
Ammonium chloride,0,0,15,5689,,,,
Amobarbital,0,0,15,5689,,,,
Amodiaquine,0,0,15,5689,,,,
Amorolfine,0,0,15,5689,,,,
Amoxapine,0,0,15,5689,,,,
Amoxicillin,0,15,15,5674,,,,
Amphotericin B,0,16,15,5673,,,,
Ampicillin,0,2,15,5687,,,,
Amprenavir,0,0,15,5689,,,,
Amrinone,0,0,15,5689,,,,
Amrubicin,0,8,15,5681,,,,
Amsacrine,0,0,15,5689,,,,
Amyl nitrite,0,0,15,5689,,,,
Anagrelide,0,0,15,5689,,,,
Anakinra,0,0,15,5689,,,,
Anastrozole,0,9,15,5680,,,,
Andexanet alfa,0,0,15,5689,,,,
Anethole trithione,0,1,15,5688,,,,
Angiotensin II,0,0,15,5689,,,,
Anidulafungin,0,0,15,5689,,,,
Antazoline,0,0,15,5689,,,,
Antithrombin III,0,0,15,5689,,,,
Apalutamide,0,0,15,5689,,,,
Apixaban,0,20,15,5669,,,,
Apomorphine,0,0,15,5689,,,,
Apraclonidine,0,0,15,5689,,,,
Apremilast,0,0,15,5689,,,,
Aprepitant,0,258,15,5431,,,,
Aprindine,0,0,15,5689,,,,
Aprotinin,0,0,15,5689,,,,
Arbekacin,0,0,15,5689,,,,
Argatroban,0,0,15,5689,,,,
Arginine glutamate,0,0,15,5689,,,,
Arginine hydrochloride,0,0,15,5689,,,,
Aripiprazole,0,0,15,5689,,,,
Armodafinil,0,0,15,5689,,,,
Arsenic trioxide,0,3,15,5686,,,,
Artemether,0,0,15,5689,,,,
Artesunate,0,0,15,5689,,,,
Articaine,0,0,15,5689,,,,
Ascorbic acid (vit C),0,11,15,5678,,,,
Ascorbic acid (vit C) and calcium,0,0,15,5689,,,,
Asenapine,0,0,15,5689,,,,
Asfotasealfa,0,0,15,5689,,,,
Asparaginase,0,3,15,5686,,,,
Astemizole,0,0,15,5689,,,,
Asunaprevir,0,0,15,5689,,,,
Ataluren,0,0,15,5689,,,,
Atazanavir,0,0,15,5689,,,,
Atenolol,0,17,15,5672,,,,
Atezolizumab,0,86,15,5603,,,,
Atomoxetine,0,0,15,5689,,,,
Atorvastatin,0,90,15,5599,,,,
Atosiban,0,0,15,5689,,,,
Atovaquone,0,2,15,5687,,,,
Atracurium,0,1,15,5688,,,,
Atropine,0,1,15,5688,,,,
Attapulgite,0,0,15,5689,,,,
Auranofin,0,0,15,5689,,,,
Aurothioglucose,0,0,15,5689,,,,
Aurotioprol,0,0,15,5689,,,,
Avanafil,0,0,15,5689,,,,
Avatrombopag,0,0,15,5689,,,,
Avelumab,0,58,15,5631,,,,
Axitinib,0,2,15,5687,,,,
Azacitidine,0,14,15,5675,,,,
Azatadine,0,0,15,5689,,,,
Azathioprine,0,11,15,5678,,,,
Azelaic acid,0,0,15,5689,,,,
Azelastine,0,3,15,5686,,,,
Azilsartan medoxomil,0,2,15,5687,,,,
Azithromycin,0,0,15,5689,,,,
Azlocillin,0,0,15,5689,,,,
Aztreonam,0,0,15,5689,,,,
BCG vaccine,0,0,15,5689,,,,
Bacampicillin,0,0,15,5689,,,,
Bacitracin,0,0,15,5689,,,,
Baclofen,0,9,15,5680,,,,
Balsalazide,0,0,15,5689,,,,
Bambuterol,0,0,15,5689,,,,
Bamethan,0,0,15,5689,,,,
Bamifylline,0,0,15,5689,,,,
Barbexaclone,0,0,15,5689,,,,
Barbital,0,0,15,5689,,,,
Baricitinib,0,0,15,5689,,,,
Barnidipine,0,0,15,5689,,,,
Basiliximab,0,0,15,5689,,,,
Bazedoxifene,0,0,15,5689,,,,
Becaplermin,0,0,15,5689,,,,
Beclometasone,0,0,15,5689,,,,
Bedaquiline,0,0,15,5689,,,,
Belatacept,0,0,15,5689,,,,
Belimumab,0,0,15,5689,,,,
Belinostat,0,0,15,5689,,,,
Benazepril,0,4,15,5685,,,,
Bencyclane,0,0,15,5689,,,,
Bendamustine,0,122,15,5567,,,,
Bendroflumethiazide,0,2,15,5687,,,,
Benfluorex,0,0,15,5689,,,,
Benfotiamine,0,0,15,5689,,,,
Benidipine,0,2,15,5687,,,,
Benorilate,0,0,15,5689,,,,
Benperidol,0,0,15,5689,,,,
Benproperine,0,0,15,5689,,,,
Benralizumab,0,0,15,5689,,,,
Benzalkonium,0,1,15,5688,,,,
Benzatropine,0,0,15,5689,,,,
Benzbromarone,0,0,15,5689,,,,
Benzethonium chloride,0,0,15,5689,,,,
Benznidazole,0,0,15,5689,,,,
Benzocaine,0,3,15,5686,,,,
Benzonatate,0,2,15,5687,,,,
Benzoyl peroxide,0,0,15,5689,,,,
Benzydamine (except lozenges),0,4,15,5685,,,,
Benzyl alcohol,0,0,15,5689,,,,
Benzyl benzoate,0,0,15,5689,,,,
Benzylpenicillin,0,0,15,5689,,,,
Benzylthiouracil,0,0,15,5689,,,,
Bepridil,0,0,15,5689,,,,
Beraprost,0,0,15,5689,,,,
Besifloxacin,0,0,15,5689,,,,
Betacarotene,0,0,15,5689,,,,
Betahistine,0,1,15,5688,,,,
Betaine,0,0,15,5689,,,,
Betaine hydrochloride,0,0,15,5689,,,,
Betamethasone,0,10,15,5679,,,,
Betaxolol,0,1,15,5688,,,,
Bethanechol,0,1,15,5688,,,,
Bevacizumab,0,306,15,5383,,,,
Bexarotene,0,6,15,5683,,,,
Bezafibrate,0,1,15,5688,,,,
Bezlotoxumab,0,0,15,5689,,,,
Biapenem,0,1,15,5688,,,,
Bicalutamide,0,14,15,5675,,,,
Bifonazole,0,0,15,5689,,,,
Bilastine,0,3,15,5686,,,,
Bimatoprost,0,1,15,5688,,,,
Binimetinib,0,1,15,5688,,,,
Biotin,0,1,15,5688,,,,
Biperiden,0,1,15,5688,,,,
Bisacodyl,0,8,15,5681,,,,
Bismuth subcitrate,0,0,15,5689,,,,
Bisoprolol,0,92,15,5597,,,,
Bitolterol,0,0,15,5689,,,,
Bivalirudin,0,1,15,5688,,,,
Bleomycin,0,285,15,5404,,,,
Blinatumomab,0,5,15,5684,,,,
Boceprevir,0,0,15,5689,,,,
Bopindolol,0,0,15,5689,,,,
Boric acid,0,0,15,5689,,,,
Bornaprine,0,0,15,5689,,,,
Bortezomib,0,107,15,5582,,,,
Bosentan,0,0,15,5689,,,,
Bosutinib,0,0,15,5689,,,,
Botulinum toxin,0,0,15,5689,,,,
Brentuximab vedotin,0,59,15,5630,,,,
Brexpiprazole,0,0,15,5689,,,,
Brigatinib,0,3,15,5686,,,,
Brimonidine,0,1,15,5688,,,,
Brinzolamide,0,0,15,5689,,,,
Brivaracetam,0,0,15,5689,,,,
Brivudine,0,0,15,5689,,,,
Brodalumab,0,0,15,5689,,,,
Bromazepam,0,14,15,5675,,,,
Bromelains,0,0,15,5689,,,,
Bromfenac,0,0,15,5689,,,,
Bromhexine,0,1,15,5688,,,,
Bromocriptine,0,1,15,5688,,,,
Bromopride,0,1,15,5688,,,,
Bromperidol,0,0,15,5689,,,,
Brompheniramine,0,0,15,5689,,,,
Brotizolam,0,2,15,5687,,,,
Bucillamine,0,0,15,5689,,,,
Buclizine,0,0,15,5689,,,,
Budesonide,0,4,15,5685,,,,
Budipine,0,0,15,5689,,,,
Bufexamac,0,0,15,5689,,,,
Buflomedil,0,0,15,5689,,,,
Buformin,0,0,15,5689,,,,
Bumetanide,0,2,15,5687,,,,
Bupivacaine,0,0,15,5689,,,,
Bupranolol,0,0,15,5689,,,,
Buprenorphine,0,2,15,5687,,,,
Bupropion,0,6,15,5683,,,,
Burosumab,0,0,15,5689,,,,
Buserelin,0,0,15,5689,,,,
Buspirone,0,0,15,5689,,,,
Busulfan,0,27,15,5662,,,,
Butamirate,0,0,15,5689,,,,
Butenafine,0,0,15,5689,,,,
Butoconazole,0,0,15,5689,,,,
Butorphanol,0,0,15,5689,,,,
Cabazitaxel,0,0,15,5689,,,,
Cabergoline,0,1,15,5688,,,,
Cabozantinib,0,6,15,5683,,,,
Cadexomer iodine,0,0,15,5689,,,,
Cafedrine,0,0,15,5689,,,,
Caffeine,0,3,15,5686,,,,
Calcifediol,0,1,15,5688,,,,
Calcipotriol,0,0,15,5689,,,,
Calcitonin (salmon synthetic),0,0,15,5689,,,,
Calcitriol,0,1,15,5688,,,,
Calcium acetate,0,0,15,5689,,,,
Calcium carbimide,0,0,15,5689,,,,
Calcium carbonate,0,13,15,5676,,,,
Calcium chloride,0,1,15,5688,,,,
Calcium citrate,0,0,15,5689,,,,
Calcium dobesilate,0,0,15,5689,,,,
Calcium folinate,0,29,15,5660,,,,
Calcium glubionate,0,0,15,5689,,,,
Calcium gluconate,0,3,15,5686,,,,
Calcium lactate,0,0,15,5689,,,,
Calcium levofolinate,0,6,15,5683,,,,
Calcium pantothenate,0,0,15,5689,,,,
Camostat,0,0,15,5689,,,,
Camphora,0,0,15,5689,,,,
Canagliflozin,0,1,15,5688,,,,
Canakinumab,0,1,15,5688,,,,
Candesartan,0,17,15,5672,,,,
Cangrelor,0,0,15,5689,,,,
Cannabidiol,0,0,15,5689,,,,
Cannabinoids,0,4,15,5685,,,,
Canrenone,0,0,15,5689,,,,
Capecitabine,0,227,15,5462,,,,
Capreomycin,0,0,15,5689,,,,
Capsaicin,0,0,15,5689,,,,
Captopril,0,1,15,5688,,,,
Carbachol,0,0,15,5689,,,,
Carbamazepine,0,3,15,5686,,,,
Carbamide,0,4,15,5685,,,,
Carbasalate calcium,0,0,15,5689,,,,
Carbazochrome,0,0,15,5689,,,,
Carbimazole,0,1,15,5688,,,,
Carbinoxamine,0,0,15,5689,,,,
Carbocisteine,0,10,15,5679,,,,
Carbon dioxide,0,0,15,5689,,,,
Carboprost,0,0,15,5689,,,,
Carfilzomib,0,27,15,5662,,,,
Carglumic acid,0,0,15,5689,,,,
Carindacillin,0,0,15,5689,,,,
Cariprazine,0,0,15,5689,,,,
Carisoprodol,0,2,15,5687,,,,
Carmofur,0,0,15,5689,,,,
Carmustine,0,122,15,5567,,,,
Carteolol,0,0,15,5689,,,,
Carvedilol,0,21,15,5668,,,,
Caspofungin,0,2,15,5687,,,,
Castor oil,0,0,15,5689,,,,
Cediranib,0,2,15,5687,,,,
Cefaclor,0,0,15,5689,,,,
Cefadroxil,0,0,15,5689,,,,
Cefalexin,0,4,15,5685,,,,
Cefaloridine,0,0,15,5689,,,,
Cefalotin,0,0,15,5689,,,,
Cefamandole,0,1,15,5688,,,,
Cefatrizine,0,0,15,5689,,,,
Cefazedone,0,0,15,5689,,,,
Cefcapene,0,0,15,5689,,,,
Cefdinir,0,0,15,5689,,,,
Cefditoren,0,2,15,5687,,,,
Cefepime,0,10,15,5679,,,,
Cefixime,0,0,15,5689,,,,
Cefmenoxime,0,0,15,5689,,,,
Cefmetazole,0,1,15,5688,,,,
Cefodizime,0,0,15,5689,,,,
Cefonicid,0,0,15,5689,,,,
Cefoperazone,0,1,15,5688,,,,
Cefotaxime,0,2,15,5687,,,,
Cefotetan,0,0,15,5689,,,,
Cefotiam,0,2,15,5687,,,,
Cefoxitin,0,1,15,5688,,,,
Cefozopran,0,0,15,5689,,,,
Cefpiramide,0,0,15,5689,,,,
Cefpirome,0,0,15,5689,,,,
Cefpodoxime,0,0,15,5689,,,,
Cefprozil,0,0,15,5689,,,,
Cefradine,0,0,15,5689,,,,
Cefroxadine,0,0,15,5689,,,,
Ceftaroline fosamil,0,0,15,5689,,,,
Ceftazidime,0,2,15,5687,,,,
Cefteram,0,0,15,5689,,,,
Ceftezole,0,0,15,5689,,,,
Ceftibuten,0,0,15,5689,,,,
Ceftizoxime,0,0,15,5689,,,,
Ceftobiprole medocaril,0,0,15,5689,,,,
Ceftriaxone,0,13,15,5676,,,,
Cefuroxime,0,4,15,5685,,,,
Celecoxib,0,18,15,5671,,,,
Celiprolol,0,0,15,5689,,,,
Ceritinib,0,3,15,5686,,,,
Cerivastatin,0,0,15,5689,,,,
Cerliponase alfa,0,0,15,5689,,,,
Certolizumab pegol,0,0,15,5689,,,,
Cetirizine,0,16,15,5673,,,,
Cetrimide,0,0,15,5689,,,,
Cetrimonium,0,0,15,5689,,,,
Cetrorelix,0,0,15,5689,,,,
Cetuximab,0,199,15,5490,,,,
Cetylpyridinium,0,0,15,5689,,,,
Cevimeline,0,0,15,5689,,,,
Chenodeoxycholic acid,0,0,15,5689,,,,
Chloral hydrate,0,0,15,5689,,,,
Chlorambucil,0,36,15,5653,,,,
Chloramphenicol,0,0,15,5689,,,,
Chlordiazepoxide,0,0,15,5689,,,,
Chlorhexidine,0,4,15,5685,,,,
Chlormadinone,0,0,15,5689,,,,
Chlormethine,0,0,15,5689,,,,
Chlormezanone,0,0,15,5689,,,,
Chloroform,0,0,15,5689,,,,
Chloroprocaine,0,0,15,5689,,,,
Chloropyramine,0,0,15,5689,,,,
Chloroquine,0,0,15,5689,,,,
Chlorothiazide,0,0,15,5689,,,,
Chlorotrianisene,0,0,15,5689,,,,
Chloroxylenol,0,0,15,5689,,,,
Chlorphenamine,0,14,15,5675,,,,
Chlorphenesin,0,0,15,5689,,,,
Chlorpromazine,0,7,15,5682,,,,
Chlorpropamide,0,0,15,5689,,,,
Chlorprothixene,0,0,15,5689,,,,
Chlortalidone,0,2,15,5687,,,,
Chlortetracycline,0,0,15,5689,,,,
Chlorzoxazone,0,0,15,5689,,,,
"Cholera, inactivated, whole cell",0,0,15,5689,,,,
Cholic acid,0,0,15,5689,,,,
Choline alfoscerate,0,0,15,5689,,,,
Choline fenofibrate,0,0,15,5689,,,,
Choline salicylate,0,0,15,5689,,,,
Choline theophyllinate,0,0,15,5689,,,,
Choriogonadotropin alfa,0,0,15,5689,,,,
Chymopapain,0,0,15,5689,,,,
Chymotrypsin,0,0,15,5689,,,,
Cibenzoline,0,0,15,5689,,,,
Ciclesonide,0,0,15,5689,,,,
Cicletanine,0,1,15,5688,,,,
Ciclopirox,0,0,15,5689,,,,
Ciclosporin,0,13,15,5676,,,,
Cidofovir,0,0,15,5689,,,,
Cilnidipine,0,0,15,5689,,,,
Cilostazol,0,1,15,5688,,,,
Cimetidine,0,1,15,5688,,,,
Cimetropium bromide,0,0,15,5689,,,,
Cinacalcet,0,0,15,5689,,,,
Cinchocaine,0,0,15,5689,,,,
Cineole,0,0,15,5689,,,,
Cinepazide,0,0,15,5689,,,,
Cinitapride,0,0,15,5689,,,,
Cinnarizine,0,0,15,5689,,,,
Cinolazepam,0,0,15,5689,,,,
Cinoxacin,0,0,15,5689,,,,
Ciprofibrate,0,0,15,5689,,,,
Ciprofloxacin,0,41,15,5648,,,,
Cisapride,0,0,15,5689,,,,
Cisatracurium,0,0,15,5689,,,,
Cisplatin,15,5689,0,0,,,,
Citalopram,0,9,15,5680,,,,
Citicoline,0,0,15,5689,,,,
Citric acid,0,0,15,5689,,,,
Cladribine,0,4,15,5685,,,,
Clarithromycin,0,3,15,5686,,,,
Clebopride,0,0,15,5689,,,,
Clemastine,0,10,15,5679,,,,
Clenbuterol,0,0,15,5689,,,,
Clevidipine,0,0,15,5689,,,,
Clindamycin,0,9,15,5680,,,,
Clioquinol,0,0,15,5689,,,,
Clobazam,0,0,15,5689,,,,
Clobetasol,0,1,15,5688,,,,
Clobetasone,0,0,15,5689,,,,
Clobutinol,0,0,15,5689,,,,
Clocortolone,0,0,15,5689,,,,
Clodantoin,0,0,15,5689,,,,
Clodronic acid,0,7,15,5682,,,,
Clofarabine,0,0,15,5689,,,,
Clofazimine,0,0,15,5689,,,,
Clofedanol,0,1,15,5688,,,,
Clofenotane,0,0,15,5689,,,,
Clofibrate,0,0,15,5689,,,,
Clomethiazole,0,0,15,5689,,,,
Clomifene,0,0,15,5689,,,,
Clomipramine,0,2,15,5687,,,,
Clonazepam,0,16,15,5673,,,,
Clonidine,0,0,15,5689,,,,
Clopamide,0,0,15,5689,,,,
Clopenthixol,0,0,15,5689,,,,
Cloperastine,0,0,15,5689,,,,
Clopidogrel,0,26,15,5663,,,,
Cloprednol,0,0,15,5689,,,,
Clotiapine,0,0,15,5689,,,,
Clotiazepam,0,0,15,5689,,,,
Clotrimazole,0,4,15,5685,,,,
Cloxacillin,0,0,15,5689,,,,
Cloxazolam,0,0,15,5689,,,,
Clozapine,0,26,15,5663,,,,
Coagulation factor IX,0,0,15,5689,,,,
Coagulation factor VIII,0,0,15,5689,,,,
Cobamamide,0,0,15,5689,,,,
Cobicistat,0,0,15,5689,,,,
Cobimetinib,0,4,15,5685,,,,
Cocaine,0,0,15,5689,,,,
Colchicine,0,5,15,5684,,,,
Colecalciferol,0,41,15,5648,,,,
Colesevelam,0,0,15,5689,,,,
Colestilan,0,0,15,5689,,,,
Colestipol,0,0,15,5689,,,,
Colistin,0,1,15,5688,,,,
Collagen,0,0,15,5689,,,,
Collagenase clostridium histolyticum,0,0,15,5689,,,,
Conestat alfa,0,0,15,5689,,,,
Conjugated estrogens,0,0,15,5689,,,,
Copanlisib,0,3,15,5686,,,,
Corifollitropin alfa,0,0,15,5689,,,,
Corticorelin,0,0,15,5689,,,,
Corticotropin,0,0,15,5689,,,,
Cortisone,0,1,15,5688,,,,
Cortivazol,0,0,15,5689,,,,
Crisaborole,0,0,15,5689,,,,
Crizotinib,0,31,15,5658,,,,
Crofelemer,0,0,15,5689,,,,
Cromoglicic acid,0,0,15,5689,,,,
Cyamemazine,0,5,15,5684,,,,
Cyanocobalamin,0,43,15,5646,,,,
Cyclandelate,0,0,15,5689,,,,
Cyclizine,0,7,15,5682,,,,
Cyclobenzaprine,0,5,15,5684,,,,
Cyclopentolate,0,0,15,5689,,,,
Cycloserine,0,0,15,5689,,,,
Cyproheptadine,0,3,15,5686,,,,
Cyproterone,0,1,15,5688,,,,
Dabigatran etexilate,0,5,15,5684,,,,
Dabrafenib,0,9,15,5680,,,,
Dacarbazine,0,59,15,5630,,,,
Daclatasvir,0,0,15,5689,,,,
Daclizumab,0,0,15,5689,,,,
Dacomitinib,0,0,15,5689,,,,
Dactinomycin,0,61,15,5628,,,,
Dalbavancin,0,0,15,5689,,,,
Dalteparin,0,10,15,5679,,,,
Danaparoid,0,0,15,5689,,,,
Danazol,0,6,15,5683,,,,
Dantrolene,0,0,15,5689,,,,
Dapagliflozin,0,3,15,5686,,,,
Dapsone,0,3,15,5686,,,,
Daptomycin,0,1,15,5688,,,,
Daratumumab,0,30,15,5659,,,,
Darbepoetin alfa,0,2,15,5687,,,,
Darifenacin,0,0,15,5689,,,,
Darunavir,0,4,15,5685,,,,
Dasabuvir,0,0,15,5689,,,,
Dasatinib,0,1,15,5688,,,,
Daunorubicin,0,0,15,5689,,,,
Deanol,0,0,15,5689,,,,
Decitabine,0,2,15,5687,,,,
Deferasirox,0,0,15,5689,,,,
Deferiprone,0,0,15,5689,,,,
Deferoxamine,0,0,15,5689,,,,
Defibrotide,0,0,15,5689,,,,
Deflazacort,0,0,15,5689,,,,
Degarelix,0,0,15,5689,,,,
Delafloxacin,0,0,15,5689,,,,
Delamanid,0,0,15,5689,,,,
Delapril,0,0,15,5689,,,,
Delavirdine,0,0,15,5689,,,,
Demeclocycline,0,0,15,5689,,,,
Denileukin diftitox,0,0,15,5689,,,,
Denosumab,0,34,15,5655,,,,
Deoxycholic acid,0,0,15,5689,,,,
Deptropine,0,0,15,5689,,,,
Dequalinium,0,0,15,5689,,,,
Desflurane,0,0,15,5689,,,,
Desipramine,0,0,15,5689,,,,
Deslanoside,0,0,15,5689,,,,
Desloratadine,0,2,15,5687,,,,
Desmopressin,0,2,15,5687,,,,
Desogestrel,0,0,15,5689,,,,
Desonide,0,1,15,5688,,,,
Desoximetasone,0,2,15,5687,,,,
Desvenlafaxine,0,0,15,5689,,,,
Dexamfetamine,0,0,15,5689,,,,
Dexbrompheniramine,0,0,15,5689,,,,
Dexchlorpheniramine,0,13,15,5676,,,,
Dexibuprofen,0,0,15,5689,,,,
Dexketoprofen,0,2,15,5687,,,,
Dexlansoprazole,0,10,15,5679,,,,
Dexmedetomidine,0,1,15,5688,,,,
Dexmethylphenidate,0,0,15,5689,,,,
Dexpanthenol,0,1,15,5688,,,,
Dexrazoxane,0,40,15,5649,,,,
Dextran,0,0,15,5689,,,,
Dextromethorphan,0,5,15,5684,,,,
Dextromoramide,0,0,15,5689,,,,
Dextropropoxyphene,0,0,15,5689,,,,
Dezocine,0,0,15,5689,,,,
Diacerein,0,0,15,5689,,,,
Diamorphine,0,0,15,5689,,,,
Diastase,0,0,15,5689,,,,
Diatrizoic acid,0,0,15,5689,,,,
Diazepam,0,14,15,5675,,,,
Diazoxide,0,0,15,5689,,,,
Dibenzepin,0,0,15,5689,,,,
Dibutylphthalate,0,0,15,5689,,,,
Dichloralphenazone,0,0,15,5689,,,,
Diclofenac,0,16,15,5673,,,,
Diclofenamide,0,0,15,5689,,,,
Dicloxacillin,0,0,15,5689,,,,
Dicoumarol,0,0,15,5689,,,,
Dicycloverine,0,0,15,5689,,,,
Didanosine,0,0,15,5689,,,,
Dienestrol,0,0,15,5689,,,,
Dienogest,0,0,15,5689,,,,
Diethylcarbamazine,0,0,15,5689,,,,
Diethylstilbestrol,0,0,15,5689,,,,
Diflorasone,0,0,15,5689,,,,
Diflucortolone,0,1,15,5688,,,,
Diflunisal,0,0,15,5689,,,,
Difluprednate,0,0,15,5689,,,,
Digitalis leaves,0,0,15,5689,,,,
Digitoxin,0,4,15,5685,,,,
Digoxin,0,5,15,5684,,,,
Dihydralazine,0,0,15,5689,,,,
Dihydrocodeine,0,3,15,5686,,,,
Dihydroergotamine,0,0,15,5689,,,,
Dihydrotachysterol,0,0,15,5689,,,,
Dihydroxialumini sodium carbonate,0,0,15,5689,,,,
Diiodohydroxyquinoline,0,0,15,5689,,,,
Dilazep,0,0,15,5689,,,,
Diloxanide,0,0,15,5689,,,,
Diltiazem,0,4,15,5685,,,,
Dimemorfan,0,1,15,5688,,,,
Dimethyl fumarate,0,0,15,5689,,,,
Dimethyl sulfoxide,0,1,15,5688,,,,
Dimetindene,0,1,15,5688,,,,
Dinoprost,0,0,15,5689,,,,
Dinoprostone,0,0,15,5689,,,,
Diosmin,0,0,15,5689,,,,
Diphenoxylate,0,0,15,5689,,,,
Diphenylpyraline,0,0,15,5689,,,,
Diprophylline,0,0,15,5689,,,,
Dipyridamole,0,1,15,5688,,,,
Dirithromycin,0,0,15,5689,,,,
Disopyramide,0,0,15,5689,,,,
Distigmine,0,0,15,5689,,,,
Disulfiram,0,0,15,5689,,,,
Dithranol,0,0,15,5689,,,,
Dixyrazine,0,0,15,5689,,,,
Dobutamine,0,2,15,5687,,,,
Docetaxel,0,562,15,5127,,,,
Docosanol,0,0,15,5689,,,,
Docusate sodium,0,18,15,5671,,,,
Dofetilide,0,0,15,5689,,,,
Dolasetron,0,0,15,5689,,,,
Dolutegravir,0,3,15,5686,,,,
Domiphen,0,0,15,5689,,,,
Domperidone,0,26,15,5663,,,,
Donepezil,0,1,15,5688,,,,
Dopamine,0,2,15,5687,,,,
Doravirine,0,0,15,5689,,,,
Doripenem,0,0,15,5689,,,,
Dornase alfa (desoxyribonuclease),0,0,15,5689,,,,
Dorzolamide,0,0,15,5689,,,,
Dosulepin,0,1,15,5688,,,,
Doxapram,0,0,15,5689,,,,
Doxazosin,0,4,15,5685,,,,
Doxepin,0,0,15,5689,,,,
Doxercalciferol,0,0,15,5689,,,,
Doxofylline,0,1,15,5688,,,,
Doxycycline,0,25,15,5664,,,,
Doxylamine,0,0,15,5689,,,,
Dronabinol,0,3,15,5686,,,,
Dronedarone,0,0,15,5689,,,,
Droperidol,0,3,15,5686,,,,
Drospirenone,0,0,15,5689,,,,
Drotaverine,0,0,15,5689,,,,
Droxicam,0,0,15,5689,,,,
Droxidopa,0,0,15,5689,,,,
Dulaglutide,0,4,15,5685,,,,
Duloxetine,0,18,15,5671,,,,
Dupilumab,0,0,15,5689,,,,
Durvalumab,0,33,15,5656,,,,
Dutasteride,0,5,15,5684,,,,
Dyclonine,0,0,15,5689,,,,
Dydrogesterone,0,0,15,5689,,,,
Ebastine,0,3,15,5686,,,,
Ecallantide,0,0,15,5689,,,,
Econazole,0,0,15,5689,,,,
Ecothiopate,0,0,15,5689,,,,
Eculizumab,0,0,15,5689,,,,
Edaravone,0,0,15,5689,,,,
Edetates,0,0,15,5689,,,,
Edoxaban,0,0,15,5689,,,,
Edrecolomab,0,0,15,5689,,,,
Efalizumab,0,0,15,5689,,,,
Efavirenz,0,4,15,5685,,,,
Efinaconazole,0,0,15,5689,,,,
Eflornithine,0,0,15,5689,,,,
Elcatonin,0,0,15,5689,,,,
Eletriptan,0,0,15,5689,,,,
Eliglustat,0,0,15,5689,,,,
Elosulfasealfa,0,0,15,5689,,,,
Elotuzumab,0,0,15,5689,,,,
Eltrombopag,0,1,15,5688,,,,
Eluxadoline,0,0,15,5689,,,,
Elvitegravir,0,0,15,5689,,,,
Emapalumab,0,0,15,5689,,,,
Emedastine,0,0,15,5689,,,,
Emicizumab,0,0,15,5689,,,,
Empagliflozin,0,2,15,5687,,,,
Emtricitabine,0,15,15,5674,,,,
Enalapril,0,14,15,5675,,,,
Enasidenib,0,0,15,5689,,,,
Encainide,0,0,15,5689,,,,
Encorafenib,0,1,15,5688,,,,
Enflurane,0,0,15,5689,,,,
Enfuvirtide,0,0,15,5689,,,,
Enoxacin,0,0,15,5689,,,,
Enoxaparin,0,50,15,5639,,,,
Enoximone,0,0,15,5689,,,,
Entacapone,0,0,15,5689,,,,
Entecavir,0,17,15,5672,,,,
Enzalutamide,0,6,15,5683,,,,
Epacadostat,0,0,15,5689,,,,
Eperisone,0,1,15,5688,,,,
Ephedrine,0,0,15,5689,,,,
Epinastine,0,1,15,5688,,,,
Epinephrine,0,4,15,5685,,,,
Epirubicin,0,136,15,5553,,,,
Eplerenone,0,5,15,5684,,,,
Epoprostenol,0,1,15,5688,,,,
Eprazinone,0,0,15,5689,,,,
Eprosartan,0,0,15,5689,,,,
Eptifibatide,0,0,15,5689,,,,
Eravacycline,0,0,15,5689,,,,
Erdosteine,0,0,15,5689,,,,
Erenumab,0,0,15,5689,,,,
Ergocalciferol,0,12,15,5677,,,,
Ergoloid mesylates,0,0,15,5689,,,,
Ergometrine,0,0,15,5689,,,,
Ergotamine,0,0,15,5689,,,,
Eribulin,0,0,15,5689,,,,
Erlotinib,0,67,15,5622,,,,
Ertapenem,0,0,15,5689,,,,
Ertugliflozin,0,0,15,5689,,,,
Erythromycin,0,1,15,5688,,,,
Escitalopram,0,21,15,5668,,,,
Esketamine,0,0,15,5689,,,,
Eslicarbazepine,0,0,15,5689,,,,
Esmolol,0,0,15,5689,,,,
Esomeprazole,0,56,15,5633,,,,
Estazolam,0,2,15,5687,,,,
Estradiol,0,3,15,5686,,,,
Estramustine,0,0,15,5689,,,,
Estriol,0,0,15,5689,,,,
Estrone,0,0,15,5689,,,,
Eszopiclone,0,1,15,5688,,,,
Etacrynic acid,0,0,15,5689,,,,
Etamsylate,0,1,15,5688,,,,
Etanercept,0,0,15,5689,,,,
Etelcalcetide,0,0,15,5689,,,,
Eteplirsen,0,0,15,5689,,,,
Ethambutol,0,3,15,5686,,,,
Ethanol,0,0,15,5689,,,,
Ethchlorvynol,0,0,15,5689,,,,
Ethinylestradiol,0,0,15,5689,,,,
Ethionamide,0,0,15,5689,,,,
Ethosuximide,0,0,15,5689,,,,
Ethyl chloride,0,0,15,5689,,,,
Ethyl loflazepate,0,0,15,5689,,,,
Ethylestrenol,0,0,15,5689,,,,
Ethylmorphine,0,0,15,5689,,,,
Etidronic acid,0,0,15,5689,,,,
Etifoxine,0,0,15,5689,,,,
Etilefrine,0,0,15,5689,,,,
Etizolam,0,1,15,5688,,,,
Etodolac,0,1,15,5688,,,,
Etofenamate,0,0,15,5689,,,,
Etomidate,0,2,15,5687,,,,
Etonogestrel,0,0,15,5689,,,,
Etoricoxib,0,4,15,5685,,,,
Etravirine,0,2,15,5687,,,,
Etretinate,0,0,15,5689,,,,
Everolimus,0,37,15,5652,,,,
Evogliptin,0,0,15,5689,,,,
Evolocumab,0,0,15,5689,,,,
Exemestane,0,17,15,5672,,,,
Exenatide,0,0,15,5689,,,,
Ezetimibe,0,4,15,5685,,,,
Famciclovir,0,0,15,5689,,,,
Famotidine,0,18,15,5671,,,,
Fampridine,0,0,15,5689,,,,
Febuxostat,0,8,15,5681,,,,
Felbamate,0,0,15,5689,,,,
Felbinac,0,0,15,5689,,,,
Felodipine,0,3,15,5686,,,,
Fenfluramine,0,0,15,5689,,,,
Fenofibrate,0,4,15,5685,,,,
Fenoldopam,0,0,15,5689,,,,
Fenoprofen,0,0,15,5689,,,,
Fenoterol,0,0,15,5689,,,,
Fenoverine,0,0,15,5689,,,,
Fenspiride,0,0,15,5689,,,,
Fentanyl,0,107,15,5582,,,,
Fenticonazole,0,0,15,5689,,,,
Fenyramidol,0,0,15,5689,,,,
Ferric ammonium citrate,0,0,15,5689,,,,
Ferric maltol,0,0,15,5689,,,,
Ferric oxide polymaltose complexes,0,0,15,5689,,,,
Ferrous fumarate,0,4,15,5685,,,,
Ferrous gluconate,0,1,15,5688,,,,
Ferrous succinate,0,0,15,5689,,,,
Ferrous sulfate,0,6,15,5683,,,,
Fesoterodine,0,0,15,5689,,,,
Fexofenadine,0,5,15,5684,,,,
Fidaxomicin,0,0,15,5689,,,,
Finasteride,0,7,15,5682,,,,
Fingolimod,0,0,15,5689,,,,
Flavoxate,0,0,15,5689,,,,
Flecainide,0,3,15,5686,,,,
Flibanserin,0,0,15,5689,,,,
Flomoxef,0,0,15,5689,,,,
Florbetapir (18F),0,0,15,5689,,,,
Flosequinan,0,0,15,5689,,,,
Floxuridine,0,7,15,5682,,,,
Flubendazole,0,0,15,5689,,,,
Fluclorolone,0,0,15,5689,,,,
Flucloxacillin,0,0,15,5689,,,,
Flucytosine,0,0,15,5689,,,,
Fludarabine,0,100,15,5589,,,,
Fludiazepam,0,0,15,5689,,,,
Fludrocortisone,0,0,15,5689,,,,
Fludroxycortide,0,0,15,5689,,,,
Fluindione,0,1,15,5688,,,,
Flumazenil,0,0,15,5689,,,,
Flunarizine,0,0,15,5689,,,,
Flunisolide,0,0,15,5689,,,,
Flunitrazepam,0,1,15,5688,,,,
Fluocinolone acetonide,0,0,15,5689,,,,
Fluocinonide,0,0,15,5689,,,,
Fluorescein,0,0,15,5689,,,,
Fluorometholone,0,2,15,5687,,,,
Fluoxetine,0,11,15,5678,,,,
Fluoxymesterone,0,0,15,5689,,,,
Flupentixol,0,0,15,5689,,,,
Fluphenazine,0,4,15,5685,,,,
Flupirtine,0,0,15,5689,,,,
Fluprednidene,0,0,15,5689,,,,
Flurazepam,0,0,15,5689,,,,
Flurbiprofen,0,1,15,5688,,,,
Fluspirilene,0,0,15,5689,,,,
Flutamide,0,0,15,5689,,,,
Fluticasone,0,6,15,5683,,,,
Fluvastatin,0,0,15,5689,,,,
Fluvoxamine,0,0,15,5689,,,,
Folic acid,0,119,15,5570,,,,
Fomepizole,0,0,15,5689,,,,
Fondaparinux,0,3,15,5686,,,,
Formoterol,0,2,15,5687,,,,
Fosamprenavir,0,0,15,5689,,,,
Foscarnet,0,1,15,5688,,,,
Fosfocreatine,0,0,15,5689,,,,
Fosfomycin,0,0,15,5689,,,,
Fosinopril,0,0,15,5689,,,,
Fosphenytoin,0,0,15,5689,,,,
Fostamatinib,0,0,15,5689,,,,
Fotemustine,0,6,15,5683,,,,
Framycetin,0,0,15,5689,,,,
Frovatriptan,0,0,15,5689,,,,
Fructose,0,0,15,5689,,,,
Fulvestrant,0,6,15,5683,,,,
Fumagillin,0,0,15,5689,,,,
Fumaric acid,0,0,15,5689,,,,
Furazolidone,0,0,15,5689,,,,
Fusafungine,0,0,15,5689,,,,
Fusidic acid,0,0,15,5689,,,,
Gabapentin,0,38,15,5651,,,,
Gadobenic acid,0,1,15,5688,,,,
Gadobutrol,0,0,15,5689,,,,
Gadodiamide,0,0,15,5689,,,,
Gadofosveset,0,0,15,5689,,,,
Gadopentetic acid,0,0,15,5689,,,,
Gadoteric acid,0,0,15,5689,,,,
Gadoteridol,0,0,15,5689,,,,
Gadoversetamide,0,0,15,5689,,,,
Gadoxetic acid,0,0,15,5689,,,,
Galantamine,0,0,15,5689,,,,
Galcanezumab,0,0,15,5689,,,,
Gallamine,0,0,15,5689,,,,
Galsulfase,0,0,15,5689,,,,
Gamolenic acid,0,0,15,5689,,,,
Ganciclovir,0,9,15,5680,,,,
Ganirelix,0,0,15,5689,,,,
Garenoxacin,0,0,15,5689,,,,
Gatifloxacin,0,0,15,5689,,,,
Gefarnate,0,0,15,5689,,,,
Gefitinib,0,20,15,5669,,,,
Gelatin agents,0,0,15,5689,,,,
Gemcitabine,0,785,15,4904,,,,
Gemeprost,0,0,15,5689,,,,
Gemfibrozil,0,0,15,5689,,,,
Gemifloxacin,0,0,15,5689,,,,
Gemigliptin,0,0,15,5689,,,,
Gemtuzumab ozogamicin,0,0,15,5689,,,,
Gentamicin,0,7,15,5682,,,,
Ginkgo folium,0,0,15,5689,,,,
Glatiramer acetate,0,0,15,5689,,,,
Glibenclamide,0,0,15,5689,,,,
Gliclazide,0,12,15,5677,,,,
Glimepiride,0,18,15,5671,,,,
Glipizide,0,5,15,5684,,,,
Gliquidone,0,0,15,5689,,,,
Glucagon,0,1,15,5688,,,,
Glucarpidase,0,0,15,5689,,,,
Glucosamine,0,1,15,5688,,,,
Glucose,0,19,15,5670,,,,
Glutamic acid hydrochloride,0,0,15,5689,,,,
Glutamine,0,0,15,5689,,,,
Glutathione,0,7,15,5682,,,,
Glycerol,0,1,15,5688,,,,
Glycerol phenylbutyrate,0,0,15,5689,,,,
Glyceryl trinitrate,0,7,15,5682,,,,
Glycine,0,0,15,5689,,,,
Glycopyrronium,0,0,15,5689,,,,
Glycyrrhizic acid,0,0,15,5689,,,,
Golimumab,0,0,15,5689,,,,
Gonadorelin,0,0,15,5689,,,,
Goserelin,0,20,15,5669,,,,
Gramicidin,0,0,15,5689,,,,
Granisetron,0,67,15,5622,,,,
Grepafloxacin,0,0,15,5689,,,,
Griseofulvin,0,0,15,5689,,,,
Guacetisal,0,0,15,5689,,,,
Guaiacolsulfonate,0,0,15,5689,,,,
Guaiazulen,0,0,15,5689,,,,
Guaifenesin,0,2,15,5687,,,,
Guanethidine,0,0,15,5689,,,,
Guanfacine,0,0,15,5689,,,,
Guar gum,0,0,15,5689,,,,
Guselkumab,0,0,15,5689,,,,
Gusperimus,0,0,15,5689,,,,
Halazepam,0,0,15,5689,,,,
Halcinonide,0,0,15,5689,,,,
Halometasone,0,0,15,5689,,,,
Haloperidol,0,16,15,5673,,,,
Halothane,0,0,15,5689,,,,
Helium,0,0,15,5689,,,,
Hemoglobin glutamer (bovine),0,0,15,5689,,,,
Heptaminol,0,0,15,5689,,,,
Hexachlorophene,0,0,15,5689,,,,
Hexetidine,0,0,15,5689,,,,
Hexoprenaline,0,0,15,5689,,,,
Histamine phosphate,0,0,15,5689,,,,
Histrelin,0,0,15,5689,,,,
Homatropine,0,0,15,5689,,,,
Human menopausal gonadotrophin,0,0,15,5689,,,,
Hyaluronic acid,0,3,15,5686,,,,
Hyaluronidase,0,0,15,5689,,,,
Hydralazine,0,5,15,5684,,,,
Hydrochloric acid,0,0,15,5689,,,,
Hydrochlorothiazide,0,32,15,5657,,,,
Hydrocodone,0,6,15,5683,,,,
Hydrocortisone,0,54,15,5635,,,,
Hydrogen peroxide,0,2,15,5687,,,,
Hydromorphone,0,28,15,5661,,,,
Hydroquinidine,0,0,15,5689,,,,
Hydroquinone,0,0,15,5689,,,,
Hydrotalcite,0,0,15,5689,,,,
Hydroxocobalamin,0,2,15,5687,,,,
Hydroxybutyric acid,0,0,15,5689,,,,
Hydroxycarbamide,0,2,15,5687,,,,
Hydroxychloroquine,0,5,15,5684,,,,
Hydroxyethylstarch,0,0,15,5689,,,,
Hydroxyprogesterone,0,0,15,5689,,,,
Hydroxyzine,0,10,15,5679,,,,
Hymecromone,0,0,15,5689,,,,
Hyoscyamine,0,1,15,5688,,,,
Hyperici herba,0,0,15,5689,,,,
Ibandronic acid,0,0,15,5689,,,,
Ibritumomab tiuxetan (90Y),0,20,15,5669,,,,
Ibrutinib,0,60,15,5629,,,,
Ibudilast,0,0,15,5689,,,,
Ibuprofen,0,22,15,5667,,,,
Ibutilide,0,0,15,5689,,,,
Icatibant,0,0,15,5689,,,,
Icotinib,0,6,15,5683,,,,
Idarubicin,0,4,15,5685,,,,
Idarucizumab,0,0,15,5689,,,,
Idebenone,0,0,15,5689,,,,
Idelalisib,0,1,15,5688,,,,
Idoxuridine,0,0,15,5689,,,,
Idursulfase,0,0,15,5689,,,,
Ifenprodil,0,0,15,5689,,,,
Ifosfamide,0,492,15,5197,,,,
Iloperidone,0,0,15,5689,,,,
Iloprost,0,0,15,5689,,,,
Imatinib,0,11,15,5678,,,,
Imidapril,0,0,15,5689,,,,
Imidazole salicylate,0,0,15,5689,,,,
Imiglucerase,0,0,15,5689,,,,
Imipramine,0,0,15,5689,,,,
Imiquimod,0,1,15,5688,,,,
Indacaterol,0,3,15,5686,,,,
Indapamide,0,8,15,5681,,,,
Indigo carmine,0,0,15,5689,,,,
Indinavir,0,0,15,5689,,,,
Indobufen,0,0,15,5689,,,,
Indocyanine green,0,0,15,5689,,,,
Indometacin,0,4,15,5685,,,,
Indoramin,0,0,15,5689,,,,
Infliximab,0,1,15,5688,,,,
"Influenza, inactivated, whole virus",0,2,15,5687,,,,
Ingenol mebutate,0,0,15,5689,,,,
Inosine,0,0,15,5689,,,,
Inositol,0,0,15,5689,,,,
Inositol nicotinate,0,0,15,5689,,,,
Inotuzumab ozogamicin,0,5,15,5684,,,,
Insulin (human),0,17,15,5672,,,,
Insulin aspart,0,5,15,5684,,,,
Insulin degludec,0,0,15,5689,,,,
Insulin detemir,0,12,15,5677,,,,
Insulin glargine,0,13,15,5676,,,,
Insulin glulisine,0,0,15,5689,,,,
Insulin lispro,0,9,15,5680,,,,
Interferon alfa-2a,0,2,15,5687,,,,
Interferon alfa-2b,0,3,15,5686,,,,
Interferon beta natural,0,0,15,5689,,,,
Interferon beta-1a,0,1,15,5688,,,,
Interferon beta-1b,0,0,15,5689,,,,
Interferon gamma,0,0,15,5689,,,,
Iobitridol,0,0,15,5689,,,,
Iodamide,0,0,15,5689,,,,
Iodine,0,7,15,5682,,,,
Iodixanol,0,0,15,5689,,,,
Iodoform,0,0,15,5689,,,,
Iohexol,0,3,15,5686,,,,
Iomeprol,0,0,15,5689,,,,
Iopamidol,0,0,15,5689,,,,
Iopromide,0,1,15,5688,,,,
Iotalamic acid,0,0,15,5689,,,,
Ioversol,0,0,15,5689,,,,
Ioxaglic acid,0,0,15,5689,,,,
Ioxitalamic acid,0,0,15,5689,,,,
Ipilimumab,0,46,15,5643,,,,
Ipragliflozin,0,1,15,5688,,,,
Ipratropium bromide,0,8,15,5681,,,,
Irbesartan,0,12,15,5677,,,,
Irinotecan,0,124,15,5565,,,,
Isavuconazole,0,0,15,5689,,,,
Isepamicin,0,0,15,5689,,,,
Isocarboxazid,0,0,15,5689,,,,
Isoconazole,0,0,15,5689,,,,
Isoetarine,0,0,15,5689,,,,
Isoflurane,0,0,15,5689,,,,
Isometheptene,0,0,15,5689,,,,
Isoniazid,0,3,15,5686,,,,
Isoprenaline,0,1,15,5688,,,,
Isopropamide,0,0,15,5689,,,,
Isopropanol,0,0,15,5689,,,,
Isosorbide dinitrate,0,0,15,5689,,,,
Isosorbide mononitrate,0,0,15,5689,,,,
Isotretinoin,0,9,15,5680,,,,
Isoxsuprine,0,0,15,5689,,,,
Ispaghula (psylla seeds),0,0,15,5689,,,,
Isradipine,0,0,15,5689,,,,
Itopride,0,0,15,5689,,,,
Itraconazole,0,5,15,5684,,,,
Ivabradine,0,0,15,5689,,,,
Ivacaftor,0,0,15,5689,,,,
Ivermectin,0,0,15,5689,,,,
Ixabepilone,0,0,15,5689,,,,
Ixazomib,0,14,15,5675,,,,
Ixekizumab,0,0,15,5689,,,,
Josamycin,0,0,15,5689,,,,
Kallidinogenase,0,0,15,5689,,,,
Kanamycin,0,0,15,5689,,,,
Kaolin,0,0,15,5689,,,,
Ketamine,0,14,15,5675,,,,
Ketazolam,0,0,15,5689,,,,
Ketobemidone,0,0,15,5689,,,,
Ketoconazole,0,4,15,5685,,,,
Ketoprofen,0,6,15,5683,,,,
Ketorolac,0,1,15,5688,,,,
Ketotifen,0,0,15,5689,,,,
Labetalol,0,1,15,5688,,,,
Lacidipine,0,0,15,5689,,,,
Lacosamide,0,2,15,5687,,,,
Lactic acid,0,0,15,5689,,,,
Lactitol,0,0,15,5689,,,,
Lactulose,0,35,15,5654,,,,
Lafutidine,0,3,15,5686,,,,
Lamivudine,0,6,15,5683,,,,
Lamotrigine,0,5,15,5684,,,,
Lanadelumab,0,0,15,5689,,,,
Landiolol,0,0,15,5689,,,,
Lanreotide,0,3,15,5686,,,,
Lansoprazole,0,62,15,5627,,,,
Lanthanum carbonate,0,0,15,5689,,,,
Lapatinib,0,29,15,5660,,,,
Laronidase,0,0,15,5689,,,,
Latamoxef,0,0,15,5689,,,,
Latanoprost,0,3,15,5686,,,,
Leflunomide,0,0,15,5689,,,,
Lenalidomide,0,128,15,5561,,,,
Lenograstim,0,13,15,5676,,,,
Lentinan,0,1,15,5688,,,,
Lenvatinib,0,7,15,5682,,,,
Lepirudin,0,0,15,5689,,,,
Lercanidipine,0,23,15,5666,,,,
Lesinurad,0,0,15,5689,,,,
Letermovir,0,0,15,5689,,,,
Letrozole,0,31,15,5658,,,,
Leuprorelin,0,10,15,5679,,,,
Levamisole,0,0,15,5689,,,,
Levetiracetam,0,26,15,5663,,,,
Levobunolol,0,0,15,5689,,,,
Levobupivacaine,0,0,15,5689,,,,
Levocabastine,0,1,15,5688,,,,
Levocarnitine,0,0,15,5689,,,,
Levocetirizine,0,6,15,5683,,,,
Levodopa,0,0,15,5689,,,,
Levodropropizine,0,0,15,5689,,,,
Levofloxacin,0,36,15,5653,,,,
Levomepromazine,0,0,15,5689,,,,
Levomethadone,0,0,15,5689,,,,
Levonorgestrel,0,0,15,5689,,,,
Levosimendan,0,1,15,5688,,,,
Levosulpiride,0,0,15,5689,,,,
Levothyroxine sodium,0,43,15,5646,,,,
Lidocaine,0,23,15,5666,,,,
Lifitegrast,0,0,15,5689,,,,
Linaclotide,0,3,15,5686,,,,
Linagliptin,0,3,15,5686,,,,
Lincomycin,0,0,15,5689,,,,
Lindane,0,0,15,5689,,,,
Linezolid,0,9,15,5680,,,,
Linopirdine,0,0,15,5689,,,,
Liothyronine sodium,0,0,15,5689,,,,
Lipegfilgrastim,0,9,15,5680,,,,
Liquid paraffin,0,6,15,5683,,,,
Liraglutide,0,6,15,5683,,,,
Lisdexamfetamine,0,0,15,5689,,,,
Lisinopril,0,21,15,5668,,,,
Lithium,0,1,15,5688,,,,
Lixisenatide,0,0,15,5689,,,,
Lodoxamide,0,0,15,5689,,,,
Lofepramine,0,0,15,5689,,,,
Lofexidine,0,0,15,5689,,,,
Lomefloxacin,0,0,15,5689,,,,
Lomitapide,0,0,15,5689,,,,
Loperamide,0,20,15,5669,,,,
Loperamide oxide,0,0,15,5689,,,,
Loprazolam,0,0,15,5689,,,,
Loracarbef,0,0,15,5689,,,,
Loratadine,0,15,15,5674,,,,
Lorcaserin,0,0,15,5689,,,,
Lorlatinib,0,4,15,5685,,,,
Lormetazepam,0,3,15,5686,,,,
Lornoxicam,0,0,15,5689,,,,
Losartan,0,8,15,5681,,,,
Loteprednol,0,0,15,5689,,,,
Lovastatin,0,2,15,5687,,,,
Loxapine,0,0,15,5689,,,,
Lubiprostone,0,0,15,5689,,,,
Luliconazole,0,0,15,5689,,,,
Lurasidone,0,0,15,5689,,,,
Lusutrombopag,0,0,15,5689,,,,
Lutropin alfa,0,0,15,5689,,,,
Lymecycline,0,0,15,5689,,,,
Lynestrenol,0,0,15,5689,,,,
Lypressin,0,0,15,5689,,,,
Lysine,0,0,15,5689,,,,
Lysozyme,0,0,15,5689,,,,
Macimorelin,0,0,15,5689,,,,
Macitentan,0,0,15,5689,,,,
Macrogol,0,12,15,5677,,,,
Mafenide,0,0,15,5689,,,,
Magaldrate,0,2,15,5687,,,,
Magnesium carbonate,0,1,15,5688,,,,
Magnesium chloride,0,11,15,5678,,,,
Magnesium citrate,0,0,15,5689,,,,
Magnesium gluconate,0,0,15,5689,,,,
Magnesium hydroxide,0,5,15,5684,,,,
Magnesium oxide,0,49,15,5640,,,,
Magnesium peroxide,0,0,15,5689,,,,
Magnesium pidolate,0,0,15,5689,,,,
Magnesium silicate,0,0,15,5689,,,,
Magnesium sulfate,0,27,15,5662,,,,
Malathion,0,0,15,5689,,,,
Manidipine,0,0,15,5689,,,,
Maprotiline,0,0,15,5689,,,,
Maraviroc,0,0,15,5689,,,,
Maribavir,0,0,15,5689,,,,
Masitinib,0,0,15,5689,,,,
Mazindol,0,0,15,5689,,,,
Mebendazole,0,0,15,5689,,,,
Mebeverine,0,2,15,5687,,,,
Mecamylamine,0,0,15,5689,,,,
Mecasermin,0,0,15,5689,,,,
Mecasermin rinfabate,0,0,15,5689,,,,
Mecillinam,0,0,15,5689,,,,
Meclofenamic acid,0,0,15,5689,,,,
Meclozine,0,0,15,5689,,,,
Medazepam,0,0,15,5689,,,,
Medrogestone,0,0,15,5689,,,,
Medroxyprogesterone,0,2,15,5687,,,,
Mefenamic acid,0,0,15,5689,,,,
Mefloquine,0,0,15,5689,,,,
Mefruside,0,0,15,5689,,,,
Megestrol,0,13,15,5676,,,,
Melatonin,0,3,15,5686,,,,
Meldonium,0,0,15,5689,,,,
Melitracen,0,0,15,5689,,,,
Meloxicam,0,0,15,5689,,,,
Melperone,0,4,15,5685,,,,
Memantine,0,0,15,5689,,,,
Menadione,0,0,15,5689,,,,
Mepenzolate,0,0,15,5689,,,,
Mephenesin,0,0,15,5689,,,,
Mephenoxalone,0,0,15,5689,,,,
Mepivacaine,0,0,15,5689,,,,
Mepolizumab,0,0,15,5689,,,,
Meprednisone,0,1,15,5688,,,,
Meprobamate,0,0,15,5689,,,,
Meptazinol,0,0,15,5689,,,,
Mepyramine,0,0,15,5689,,,,
Mequitazine,0,0,15,5689,,,,
Mercaptamine,0,0,15,5689,,,,
Mercaptopurine,0,2,15,5687,,,,
Meropenem,0,16,15,5673,,,,
Mesalazine,0,0,15,5689,,,,
Mesterolone,0,0,15,5689,,,,
Mesuximide,0,0,15,5689,,,,
Metamfetamine,0,0,15,5689,,,,
Metamizole sodium,0,3,15,5686,,,,
Metaraminol,0,0,15,5689,,,,
Metenolone,0,0,15,5689,,,,
Metformin,0,106,15,5583,,,,
Methadone,0,3,15,5686,,,,
Methaqualone,0,0,15,5689,,,,
Methazolamide,0,1,15,5688,,,,
Methenamine,0,0,15,5689,,,,
Methionine,0,0,15,5689,,,,
Methiosulfonium chloride,0,0,15,5689,,,,
Methocarbamol,0,1,15,5688,,,,
Methohexital,0,0,15,5689,,,,
Methoxamine,0,0,15,5689,,,,
Methoxsalen,0,0,15,5689,,,,
Methoxyflurane,0,1,15,5688,,,,
Methoxyphenamine,0,0,15,5689,,,,
Methyclothiazide,0,0,15,5689,,,,
Methyldopa (levorotatory),0,0,15,5689,,,,
Methylergometrine,0,0,15,5689,,,,
Methylnaltrexone bromide,0,0,15,5689,,,,
Methylphenidate,0,1,15,5688,,,,
Methylphenobarbital,0,0,15,5689,,,,
Methylprednisolone,0,367,15,5322,,,,
Methylrosaniline,0,0,15,5689,,,,
Methylscopolamine,0,0,15,5689,,,,
Methyltestosterone,0,0,15,5689,,,,
Methylthioninium chloride,0,0,15,5689,,,,
Methysergide,0,0,15,5689,,,,
Meticillin,0,0,15,5689,,,,
Metildigoxin,0,0,15,5689,,,,
Metipranolol,0,0,15,5689,,,,
Metirosine,0,0,15,5689,,,,
Metolazone,0,0,15,5689,,,,
Metopimazine,0,5,15,5684,,,,
Metoprolol,0,64,15,5625,,,,
Metreleptin,0,0,15,5689,,,,
Metrizamide,0,0,15,5689,,,,
Metronidazole,0,12,15,5677,,,,
Metyrapone,0,5,15,5684,,,,
Mexiletine,0,0,15,5689,,,,
Mezlocillin,0,0,15,5689,,,,
Mianserin,0,1,15,5688,,,,
Micafungin,0,8,15,5681,,,,
Miconazole,0,2,15,5687,,,,
Micronomicin,0,0,15,5689,,,,
Midazolam,0,8,15,5681,,,,
Midodrine,0,2,15,5687,,,,
Midostaurin,0,0,15,5689,,,,
Mifamurtide,0,0,15,5689,,,,
Mifepristone,0,0,15,5689,,,,
Migalastat,0,0,15,5689,,,,
Miglitol,0,1,15,5688,,,,
Miglustat,0,0,15,5689,,,,
Milnacipran,0,0,15,5689,,,,
Milrinone,0,0,15,5689,,,,
Miltefosine,0,0,15,5689,,,,
Minocycline,0,4,15,5685,,,,
Minoxidil,0,0,15,5689,,,,
Mipomersen,0,0,15,5689,,,,
Mirabegron,0,3,15,5686,,,,
Mirtazapine,0,43,15,5646,,,,
Misoprostol,0,0,15,5689,,,,
Mitiglinide,0,0,15,5689,,,,
Mitomycin,0,18,15,5671,,,,
Mitotane,0,30,15,5659,,,,
Mitoxantrone,0,19,15,5670,,,,
Mivacurium chloride,0,0,15,5689,,,,
Mizolastine,0,0,15,5689,,,,
Moclobemide,0,0,15,5689,,,,
Modafinil,0,1,15,5688,,,,
Moexipril,0,0,15,5689,,,,
Mogamulizumab,0,0,15,5689,,,,
Molgramostim,0,0,15,5689,,,,
Molindone,0,0,15,5689,,,,
Molsidomine,0,0,15,5689,,,,
Mometasone,0,12,15,5677,,,,
Monoethanolamine oleate,0,0,15,5689,,,,
Montelukast,0,12,15,5677,,,,
Morinamide,0,0,15,5689,,,,
Morniflumate,0,1,15,5688,,,,
Mosapramine,0,0,15,5689,,,,
Moxifloxacin,0,1,15,5688,,,,
Moxisylyte,0,0,15,5689,,,,
Moxonidine,0,0,15,5689,,,,
Mupirocin,0,0,15,5689,,,,
Muromonab-CD3,0,0,15,5689,,,,
Mycophenolic acid,0,19,15,5670,,,,
Nabilone,0,2,15,5687,,,,
Nabumetone,0,0,15,5689,,,,
Nadifloxacin,0,0,15,5689,,,,
Nadolol,0,1,15,5688,,,,
Nafarelin,0,0,15,5689,,,,
Nafcillin,0,0,15,5689,,,,
Naftazone,0,0,15,5689,,,,
Naftidrofuryl,0,0,15,5689,,,,
Naftifine,0,0,15,5689,,,,
Nalbuphine,0,0,15,5689,,,,
Naldemedine,0,1,15,5688,,,,
Nalfurafine,0,0,15,5689,,,,
Nalidixic acid,0,0,15,5689,,,,
Nalmefene,0,0,15,5689,,,,
Naloxegol,0,1,15,5688,,,,
Naloxone,0,4,15,5685,,,,
Naltrexone,0,0,15,5689,,,,
Nandrolone,0,0,15,5689,,,,
Naphazoline,0,0,15,5689,,,,
Naproxen,0,13,15,5676,,,,
Naratriptan,0,0,15,5689,,,,
Natalizumab,0,0,15,5689,,,,
Natamycin,0,0,15,5689,,,,
Nateglinide,0,0,15,5689,,,,
Nebivolol,0,17,15,5672,,,,
Necitumumab,0,0,15,5689,,,,
Nedocromil,0,0,15,5689,,,,
Nefazodone,0,0,15,5689,,,,
Nefopam,0,2,15,5687,,,,
Nelarabine,0,1,15,5688,,,,
Nelfinavir,0,0,15,5689,,,,
Neomycin,0,0,15,5689,,,,
Neostigmine,0,0,15,5689,,,,
Nepafenac,0,0,15,5689,,,,
Neratinib,0,1,15,5688,,,,
Nesiritide,0,0,15,5689,,,,
Netarsudil,0,0,15,5689,,,,
Netilmicin,0,0,15,5689,,,,
Nevirapine,0,0,15,5689,,,,
Niaprazine,0,0,15,5689,,,,
Nicardipine,0,3,15,5686,,,,
Nicergoline,0,0,15,5689,,,,
Niceritrol,0,0,15,5689,,,,
Nicomorphine,0,0,15,5689,,,,
Nicorandil,0,1,15,5688,,,,
Nicotinamide,0,0,15,5689,,,,
Nicotine,0,9,15,5680,,,,
Nicotinic acid,0,1,15,5688,,,,
Nifedipine,0,11,15,5678,,,,
Niflumic acid,0,0,15,5689,,,,
Nifuratel,0,0,15,5689,,,,
Nifuroxazide,0,0,15,5689,,,,
Nifurtoinol,0,0,15,5689,,,,
Nikethamide,0,1,15,5688,,,,
Nilotinib,0,0,15,5689,,,,
Nilutamide,0,0,15,5689,,,,
Nilvadipine,0,0,15,5689,,,,
Nimesulide,0,0,15,5689,,,,
Nimodipine,0,0,15,5689,,,,
Nimorazole,0,1,15,5688,,,,
Nimustine,0,0,15,5689,,,,
Nintedanib,0,53,15,5636,,,,
Niraparib,0,6,15,5683,,,,
Nisoldipine,0,0,15,5689,,,,
Nitazoxanide,0,0,15,5689,,,,
Nitisinone,0,0,15,5689,,,,
Nitrazepam,0,0,15,5689,,,,
Nitrendipine,0,6,15,5683,,,,
Nitric oxide,0,1,15,5688,,,,
Nitrofural,0,0,15,5689,,,,
Nitrofurantoin,0,5,15,5684,,,,
Nitrogen,0,0,15,5689,,,,
Nitroprusside,0,0,15,5689,,,,
Nitrous oxide,0,0,15,5689,,,,
Nitroxoline,0,0,15,5689,,,,
Nivolumab,0,246,15,5443,,,,
Nizatidine,0,0,15,5689,,,,
Nomegestrol,0,0,15,5689,,,,
Nordazepam,0,0,15,5689,,,,
Norepinephrine,0,1,15,5688,,,,
Norethandrolone,0,0,15,5689,,,,
Norethisterone,0,0,15,5689,,,,
Norfloxacin,0,1,15,5688,,,,
Nortriptyline,0,3,15,5686,,,,
Noscapine,0,0,15,5689,,,,
Nusinersen,0,0,15,5689,,,,
Obeticholic acid,0,0,15,5689,,,,
Obinutuzumab,0,31,15,5658,,,,
Ocrelizumab,0,0,15,5689,,,,
Ocriplasmin,0,0,15,5689,,,,
Octenidine,0,0,15,5689,,,,
Octreotide,0,7,15,5682,,,,
Ofatumumab,0,6,15,5683,,,,
Ofloxacin,0,0,15,5689,,,,
Olanzapine,0,33,15,5656,,,,
Olaparib,0,12,15,5677,,,,
Olaratumab,0,0,15,5689,,,,
Olmesartan medoxomil,0,7,15,5682,,,,
Olodaterol,0,0,15,5689,,,,
Olopatadine,0,2,15,5687,,,,
Olsalazine,0,0,15,5689,,,,
Omacetaxine mepesuccinate,0,0,15,5689,,,,
Omalizumab,0,0,15,5689,,,,
Omeprazole,0,109,15,5580,,,,
Opicapone,0,0,15,5689,,,,
Opipramol,0,0,15,5689,,,,
Opium,0,0,15,5689,,,,
Oprelvekin,0,2,15,5687,,,,
Orciprenaline,0,0,15,5689,,,,
Orgotein,0,0,15,5689,,,,
Orlistat,0,0,15,5689,,,,
Ornidazole,0,0,15,5689,,,,
Orphenadrine (chloride),0,0,15,5689,,,,
Orphenadrine (citrate),0,0,15,5689,,,,
Oseltamivir,0,1,15,5688,,,,
Osimertinib,0,1,15,5688,,,,
Ospemifene,0,0,15,5689,,,,
Otilonium bromide,0,0,15,5689,,,,
Oxacillin,0,0,15,5689,,,,
Oxaliplatin,0,179,15,5510,,,,
Oxandrolone,0,0,15,5689,,,,
Oxaprozin,0,0,15,5689,,,,
Oxatomide,0,0,15,5689,,,,
Oxazepam,0,4,15,5685,,,,
Oxcarbazepine,0,1,15,5688,,,,
Oxedrine,0,0,15,5689,,,,
Oxetacaine,0,0,15,5689,,,,
Oxetorone,0,0,15,5689,,,,
Oxiconazole,0,0,15,5689,,,,
Oxiracetam,0,0,15,5689,,,,
Oxitriptan,0,0,15,5689,,,,
Oxomemazine,0,0,15,5689,,,,
Oxprenolol,0,0,15,5689,,,,
Oxybuprocaine,0,0,15,5689,,,,
Oxybutynin,0,3,15,5686,,,,
Oxycodone,0,97,15,5592,,,,
Oxygen,0,2,15,5687,,,,
Oxymetazoline,0,1,15,5688,,,,
Oxymetholone,0,0,15,5689,,,,
Oxyquinoline,0,0,15,5689,,,,
Oxytetracycline,0,0,15,5689,,,,
Oxytocin,0,0,15,5689,,,,
Ozenoxacin,0,0,15,5689,,,,
Paclitaxel,0,556,15,5133,,,,
Palbociclib,0,9,15,5680,,,,
Palifermin,0,0,15,5689,,,,
Paliperidone,0,0,15,5689,,,,
Palivizumab,0,0,15,5689,,,,
Palonosetron,0,58,15,5631,,,,
Pamidronic acid,0,3,15,5686,,,,
Pancuronium,0,0,15,5689,,,,
Panitumumab,0,3,15,5686,,,,
Panobinostat,0,1,15,5688,,,,
Pantethine,0,0,15,5689,,,,
Pantoprazole,0,259,15,5430,,,,
Papaverine,0,0,15,5689,,,,
Paraldehyde,0,0,15,5689,,,,
Parecoxib,0,0,15,5689,,,,
Paricalcitol,0,0,15,5689,,,,
Parnaparin,0,0,15,5689,,,,
Paromomycin,0,0,15,5689,,,,
Paroxetine,0,30,15,5659,,,,
Pasireotide,0,0,15,5689,,,,
Patisiran,0,0,15,5689,,,,
Pazopanib,0,6,15,5683,,,,
Pazufloxacin,0,0,15,5689,,,,
Pectin,0,0,15,5689,,,,
Pefloxacin,0,0,15,5689,,,,
Pegademase,0,0,15,5689,,,,
Pegaptanib,0,0,15,5689,,,,
Pegaspargase,0,4,15,5685,,,,
Pegfilgrastim,0,133,15,5556,,,,
Peginterferon alfa-2a,0,0,15,5689,,,,
Peginterferon alfa-2b,0,3,15,5686,,,,
Peginterferon beta-1a,0,1,15,5688,,,,
Pegloticase,0,0,15,5689,,,,
Pegteograstim,0,0,15,5689,,,,
Pegvisomant,0,0,15,5689,,,,
Pembrolizumab,0,228,15,5461,,,,
Pemoline,0,0,15,5689,,,,
Penamecillin,0,0,15,5689,,,,
Penbutolol,0,0,15,5689,,,,
Penciclovir,0,0,15,5689,,,,
Penfluridol,0,0,15,5689,,,,
Penicillamine,0,0,15,5689,,,,
Pentaerithrityl,0,0,15,5689,,,,
Pentamidine isethionate,0,1,15,5688,,,,
Pentazocine,0,1,15,5688,,,,
Pentetrazol,0,0,15,5689,,,,
Pentobarbital,0,0,15,5689,,,,
Pentosan polysulfate sodium,0,0,15,5689,,,,
Pentostatin,0,0,15,5689,,,,
Pentoxifylline,0,2,15,5687,,,,
Pentoxyverine,0,0,15,5689,,,,
Peramivir,0,0,15,5689,,,,
Perampanel,0,0,15,5689,,,,
Perazine,0,0,15,5689,,,,
Pergolide,0,0,15,5689,,,,
Perhexiline,0,0,15,5689,,,,
Perindopril,0,22,15,5667,,,,
Permethrin,0,0,15,5689,,,,
Perphenazine,0,0,15,5689,,,,
Pertuzumab,0,17,15,5672,,,,
Pethidine,0,1,15,5688,,,,
Phenacetin,0,0,15,5689,,,,
Phenazone,0,0,15,5689,,,,
Phenazopyridine,0,0,15,5689,,,,
Phenelzine,0,0,15,5689,,,,
Pheneticillin,0,0,15,5689,,,,
Phenformin,0,0,15,5689,,,,
Pheniramine,0,0,15,5689,,,,
Phenobarbital,0,2,15,5687,,,,
Phenol,0,1,15,5688,,,,
Phenolphthalein,0,0,15,5689,,,,
Phenoperidine,0,0,15,5689,,,,
Phenothrin,0,0,15,5689,,,,
Phenoxybenzamine,0,0,15,5689,,,,
Phenoxymethylpenicillin,0,1,15,5688,,,,
Phenprocoumon,0,1,15,5688,,,,
Phentermine,0,0,15,5689,,,,
Phentolamine,0,0,15,5689,,,,
Phenylbutazone,0,0,15,5689,,,,
Phenylephrine,0,1,15,5688,,,,
Phenylpropanolamine,0,0,15,5689,,,,
Phenytoin,0,1,15,5688,,,,
Phloroglucinol,0,2,15,5687,,,,
Pholcodine,0,0,15,5689,,,,
Phthalylsulfathiazole,0,0,15,5689,,,,
Physostigmine,0,0,15,5689,,,,
Phytomenadione,0,4,15,5685,,,,
Picloxydine,0,0,15,5689,,,,
Pidotimod,0,0,15,5689,,,,
Pilocarpine,0,3,15,5686,,,,
Pimavanserin,0,0,15,5689,,,,
Pimecrolimus,0,0,15,5689,,,,
Pimozide,0,0,15,5689,,,,
Pinaverium,0,0,15,5689,,,,
Pindolol,0,0,15,5689,,,,
Pioglitazone,0,3,15,5686,,,,
Pipamperone,0,0,15,5689,,,,
Pipecuronium bromide,0,0,15,5689,,,,
Piperacillin,0,3,15,5686,,,,
Piperazine,0,0,15,5689,,,,
Piperidolate,0,0,15,5689,,,,
Pipobroman,0,0,15,5689,,,,
Pipotiazine,0,0,15,5689,,,,
Piracetam,0,0,15,5689,,,,
Pirarubicin,0,21,15,5668,,,,
Pirbuterol,0,0,15,5689,,,,
Pirenzepine,0,0,15,5689,,,,
Piretanide,0,0,15,5689,,,,
Pirfenidone,0,0,15,5689,,,,
Piribedil,0,0,15,5689,,,,
Piritramide,0,0,15,5689,,,,
Piromidic acid,0,0,15,5689,,,,
Piroxicam,0,1,15,5688,,,,
Pitavastatin,0,2,15,5687,,,,
Pitolisant,0,0,15,5689,,,,
Pivampicillin,0,0,15,5689,,,,
Pivmecillinam,0,0,15,5689,,,,
Pixantrone,0,6,15,5683,,,,
Pizotifen,0,0,15,5689,,,,
Plecanatide,0,0,15,5689,,,,
Plerixafor,0,4,15,5685,,,,
Plitidepsin,0,0,15,5689,,,,
Podophyllotoxin,0,0,15,5689,,,,
Polidocanol,0,0,15,5689,,,,
Polihexanide,0,0,15,5689,,,,
Polycarbophil calcium,0,0,15,5689,,,,
Polyestradiol phosphate,0,0,15,5689,,,,
Polymyxin B,0,0,15,5689,,,,
Polystyrene sulfonate,0,2,15,5687,,,,
Pomalidomide,0,21,15,5668,,,,
Ponatinib,0,1,15,5688,,,,
Porfimer sodium,0,0,15,5689,,,,
Posaconazole,0,3,15,5686,,,,
Potassium acetate,0,0,15,5689,,,,
Potassium canrenoate,0,0,15,5689,,,,
Potassium citrate,0,1,15,5688,,,,
Potassium clorazepate,0,10,15,5679,,,,
Potassium gluconate,0,1,15,5688,,,,
Potassium hydrogencarbonate,0,1,15,5688,,,,
Potassium hydrogentartrate,0,0,15,5689,,,,
Potassium iodide,0,0,15,5689,,,,
Potassium perchlorate,0,0,15,5689,,,,
Potassium permanganate,0,0,15,5689,,,,
Povidone-iodine,0,2,15,5687,,,,
Pralatrexate,0,8,15,5681,,,,
Pralidoxime,0,0,15,5689,,,,
Pramipexole,0,0,15,5689,,,,
Pramiracetam,0,0,15,5689,,,,
Pramlintide,0,0,15,5689,,,,
Pramocaine,0,0,15,5689,,,,
Pranlukast,0,0,15,5689,,,,
Pranoprofen,0,0,15,5689,,,,
Prasterone,0,0,15,5689,,,,
Prasugrel,0,0,15,5689,,,,
Pravastatin,0,12,15,5677,,,,
Prazepam,0,2,15,5687,,,,
Praziquantel,0,0,15,5689,,,,
Prazosin,0,0,15,5689,,,,
Prednicarbate,0,0,15,5689,,,,
Prednisolone,0,270,15,5419,,,,
Pridinol,0,0,15,5689,,,,
Prilocaine,0,1,15,5688,,,,
Primaquine,0,0,15,5689,,,,
Primidone,0,0,15,5689,,,,
Probenecid,0,0,15,5689,,,,
Probucol,0,0,15,5689,,,,
Procainamide,0,0,15,5689,,,,
Procaine,0,0,15,5689,,,,
Procarbazine,0,47,15,5642,,,,
Procaterol,0,0,15,5689,,,,
Prochlorperazine,0,38,15,5651,,,,
Procyclidine,0,1,15,5688,,,,
Progesterone,0,0,15,5689,,,,
Proglumetacin,0,0,15,5689,,,,
Proguanil,0,0,15,5689,,,,
Prolintane,0,0,15,5689,,,,
Promazine,0,0,15,5689,,,,
Promegestone,0,0,15,5689,,,,
Promestriene,0,0,15,5689,,,,
Promethazine,0,6,15,5683,,,,
Propacetamol,0,0,15,5689,,,,
Propafenone,0,0,15,5689,,,,
Propamidine,0,0,15,5689,,,,
Propantheline,0,0,15,5689,,,,
Propatylnitrate,0,0,15,5689,,,,
Propicillin,0,0,15,5689,,,,
Propiomazine,0,0,15,5689,,,,
Propiverine,0,0,15,5689,,,,
Propofol,0,4,15,5685,,,,
Propranolol,0,13,15,5676,,,,
Propylthiouracil,0,1,15,5688,,,,
Proscillaridin,0,0,15,5689,,,,
Protamine,0,0,15,5689,,,,
Protein hydrolysates,0,0,15,5689,,,,
Prothipendyl,0,0,15,5689,,,,
Protirelin,0,0,15,5689,,,,
Protriptyline,0,0,15,5689,,,,
Proxymetacaine,0,0,15,5689,,,,
Proxyphylline,0,0,15,5689,,,,
Prucalopride,0,0,15,5689,,,,
Prulifloxacin,0,0,15,5689,,,,
Pseudoephedrine,0,1,15,5688,,,,
Pyrantel,0,0,15,5689,,,,
Pyrazinamide,0,3,15,5686,,,,
Pyridostigmine,0,1,15,5688,,,,
Pyridoxal phosphate,0,0,15,5689,,,,
Pyridoxine (vit B6),0,5,15,5684,,,,
Pyrimethamine,0,1,15,5688,,,,
Pyrithione zinc,0,0,15,5689,,,,
Pyrvinium,0,0,15,5689,,,,
Quazepam,0,0,15,5689,,,,
Quetiapine,0,8,15,5681,,,,
Quinagolide,0,0,15,5689,,,,
Quinapril,0,0,15,5689,,,,
Quinidine,0,0,15,5689,,,,
Quinine,0,4,15,5685,,,,
Rabeprazole,0,5,15,5684,,,,
"Rabies, inactivated, whole virus",0,0,15,5689,,,,
Racecadotril,0,6,15,5683,,,,
Raloxifene,0,1,15,5688,,,,
Raltegravir,0,18,15,5671,,,,
Raltitrexed,0,7,15,5682,,,,
Ramelteon,0,2,15,5687,,,,
Ramipril,0,72,15,5617,,,,
Ramucirumab,0,24,15,5665,,,,
Ranibizumab,0,1,15,5688,,,,
Ranimustine,0,4,15,5685,,,,
Ranitidine,0,66,15,5623,,,,
Ranitidine bismuth citrate,0,0,15,5689,,,,
Ranolazine,0,0,15,5689,,,,
Rasagiline,0,0,15,5689,,,,
Rasburicase,0,3,15,5686,,,,
Rebamipide,0,3,15,5686,,,,
Reboxetine,0,0,15,5689,,,,
Regadenoson,0,0,15,5689,,,,
Regorafenib,0,4,15,5685,,,,
Remifentanil,0,0,15,5689,,,,
Remoxipride,0,0,15,5689,,,,
Repaglinide,0,14,15,5675,,,,
Reproterol,0,0,15,5689,,,,
Reserpine,0,0,15,5689,,,,
Reslizumab,0,0,15,5689,,,,
Resorcinol,0,0,15,5689,,,,
Retapamulin,0,0,15,5689,,,,
Retigabine,0,0,15,5689,,,,
Retinol (vit A),0,0,15,5689,,,,
Reviparin,0,0,15,5689,,,,
Ribavirin,0,3,15,5686,,,,
Ribociclib,0,3,15,5686,,,,
Riboflavin (vit B2),0,0,15,5689,,,,
Rifabutin,0,0,15,5689,,,,
Rifampicin,0,3,15,5686,,,,
Rifamycin,0,0,15,5689,,,,
Rifapentine,0,0,15,5689,,,,
Rifaximin,0,1,15,5688,,,,
Rilmenidine,0,0,15,5689,,,,
Rilonacept,0,0,15,5689,,,,
Rilpivirine,0,0,15,5689,,,,
Riluzole,0,0,15,5689,,,,
Rimantadine,0,0,15,5689,,,,
Rimexolone,0,0,15,5689,,,,
Riociguat,0,0,15,5689,,,,
Risedronic acid,0,0,15,5689,,,,
Risperidone,0,12,15,5677,,,,
Ritiometan,0,0,15,5689,,,,
Ritodrine,0,0,15,5689,,,,
Ritonavir,0,4,15,5685,,,,
Rivaroxaban,0,18,15,5671,,,,
Rivastigmine,0,0,15,5689,,,,
Rizatriptan,0,1,15,5688,,,,
Rociletinib,0,1,15,5688,,,,
Rocuronium bromide,0,1,15,5688,,,,
Rofecoxib,0,0,15,5689,,,,
Roflumilast,0,1,15,5688,,,,
Rokitamycin,0,0,15,5689,,,,
Rolapitant,0,0,15,5689,,,,
Romidepsin,0,18,15,5671,,,,
Romiplostim,0,1,15,5688,,,,
Romosozumab,0,0,15,5689,,,,
Ropinirole,0,0,15,5689,,,,
Ropivacaine,0,2,15,5687,,,,
Rosiglitazone,0,0,15,5689,,,,
Rosuvastatin,0,42,15,5647,,,,
Rotigotine,0,0,15,5689,,,,
Roxadustat,0,0,15,5689,,,,
Roxatidine,0,0,15,5689,,,,
Roxithromycin,0,1,15,5688,,,,
Rucaparib,0,0,15,5689,,,,
Rufinamide,0,0,15,5689,,,,
Rupatadine,0,1,15,5688,,,,
Ruxolitinib,0,1,15,5688,,,,
Saccharated iron oxide,0,1,15,5688,,,,
Sacrosidase,0,0,15,5689,,,,
Safinamide,0,0,15,5689,,,,
Salbutamol,0,35,15,5654,,,,
Salicylamide,0,0,15,5689,,,,
Salicylic acid,0,0,15,5689,,,,
Salmeterol,0,3,15,5686,,,,
Salsalate,0,0,15,5689,,,,
Sapropterin,0,0,15,5689,,,,
Saquinavir,0,1,15,5688,,,,
Sargramostim,0,0,15,5689,,,,
Sarilumab,0,0,15,5689,,,,
Saruplase,0,0,15,5689,,,,
Saxagliptin,0,6,15,5683,,,,
Scopolamine,0,7,15,5682,,,,
Sebelipasealfa,0,0,15,5689,,,,
Secnidazole,0,0,15,5689,,,,
Secobarbital,0,0,15,5689,,,,
Secukinumab,0,0,15,5689,,,,
Selegiline,0,4,15,5685,,,,
Selenium sulfide,0,0,15,5689,,,,
Selexipag,0,0,15,5689,,,,
Semaglutide,0,0,15,5689,,,,
Semustine,0,1,15,5688,,,,
Senna glycosides,0,9,15,5680,,,,
Serelaxin,0,0,15,5689,,,,
Sermorelin,0,0,15,5689,,,,
Sertaconazole,0,0,15,5689,,,,
Sertindole,0,0,15,5689,,,,
Sertraline,0,26,15,5663,,,,
Sevelamer,0,0,15,5689,,,,
Sevoflurane,0,0,15,5689,,,,
Sibutramine,0,0,15,5689,,,,
Sildenafil,0,1,15,5688,,,,
Silicones,0,0,15,5689,,,,
Silodosin,0,11,15,5678,,,,
Siltuximab,0,0,15,5689,,,,
Silver,0,0,15,5689,,,,
Silver nitrate,0,0,15,5689,,,,
Silymarin,0,0,15,5689,,,,
Simeprevir,0,0,15,5689,,,,
Simvastatin,0,38,15,5651,,,,
Sincalide,0,0,15,5689,,,,
Sinecatechins,0,0,15,5689,,,,
Sipuleucel-T,0,0,15,5689,,,,
Sirolimus,0,0,15,5689,,,,
Sirukumab,0,0,15,5689,,,,
Sisomicin,0,0,15,5689,,,,
Sitafloxacin,0,0,15,5689,,,,
Sitagliptin,0,12,15,5677,,,,
Sitaxentan,0,0,15,5689,,,,
Sodium acetate,0,1,15,5688,,,,
Sodium aurothiomalate,0,0,15,5689,,,,
Sodium benzoate,0,0,15,5689,,,,
Sodium bicarbonate,0,21,15,5668,,,,
Sodium borate,0,1,15,5688,,,,
Sodium chloride,0,119,15,5570,,,,
Sodium chlorite,0,0,15,5689,,,,
Sodium citrate,0,0,15,5689,,,,
Sodium edetate,0,0,15,5689,,,,
Sodium feredetate,0,0,15,5689,,,,
Sodium fluoride,0,10,15,5679,,,,
Sodium glycerophosphate,0,0,15,5689,,,,
Sodium hypochlorite,0,0,15,5689,,,,
Sodium monofluorophosphate,0,0,15,5689,,,,
Sodium phenylbutyrate,0,0,15,5689,,,,
Sodium phosphate,0,0,15,5689,,,,
Sodium picosulfate,0,10,15,5679,,,,
Sodium propionate,0,0,15,5689,,,,
Sodium salicylate,0,0,15,5689,,,,
Sodium sulfate,0,0,15,5689,,,,
Sodium tetradecyl sulfate,0,0,15,5689,,,,
Sodium zirconium cyclosilicate,0,0,15,5689,,,,
Sofosbuvir,0,0,15,5689,,,,
Solifenacin,0,2,15,5687,,,,
Somatostatin,0,1,15,5688,,,,
Somatrem,0,0,15,5689,,,,
Somatropin,0,0,15,5689,,,,
Sonidegib,0,4,15,5685,,,,
Sorafenib,0,16,15,5673,,,,
Sotalol,0,1,15,5688,,,,
Spaglumic acid,0,0,15,5689,,,,
Spiramycin,0,2,15,5687,,,,
Spironolactone,0,29,15,5660,,,,
Stannous fluoride,0,0,15,5689,,,,
Stanozolol,0,0,15,5689,,,,
Stavudine,0,0,15,5689,,,,
Stiripentol,0,0,15,5689,,,,
Streptokinase,0,0,15,5689,,,,
Streptomycin,0,1,15,5688,,,,
Streptozocin,0,2,15,5687,,,,
Strontium ranelate,0,0,15,5689,,,,
Succinylsulfathiazole,0,0,15,5689,,,,
Sucralfate,0,7,15,5682,,,,
Sufentanil,0,3,15,5686,,,,
Sugammadex,0,0,15,5689,,,,
Sulbactam,0,0,15,5689,,,,
Sulconazole,0,0,15,5689,,,,
Sulfacetamide,0,0,15,5689,,,,
Sulfadiazine,0,1,15,5688,,,,
Sulfadimidine,0,0,15,5689,,,,
Sulfafurazole,0,0,15,5689,,,,
Sulfaisodimidine,0,0,15,5689,,,,
Sulfamerazine,0,0,15,5689,,,,
Sulfamethizole,0,0,15,5689,,,,
Sulfamethoxazole,0,3,15,5686,,,,
Sulfanilamide,0,0,15,5689,,,,
Sulfasalazine,0,0,15,5689,,,,
Sulfathiazole,0,0,15,5689,,,,
Sulfinpyrazone,0,0,15,5689,,,,
Sulfur hexafluoride,0,0,15,5689,,,,
Sulindac,0,0,15,5689,,,,
Sulodexide,0,0,15,5689,,,,
Sulpiride,0,0,15,5689,,,,
Sulprostone,0,0,15,5689,,,,
Sultamicillin,0,0,15,5689,,,,
Sultiame,0,0,15,5689,,,,
Sultopride,0,0,15,5689,,,,
Sumatriptan,0,1,15,5688,,,,
Sunitinib,0,7,15,5682,,,,
Suprofen,0,0,15,5689,,,,
Suvorexant,0,1,15,5688,,,,
Suxamethonium,0,1,15,5688,,,,
Tacalcitol,0,0,15,5689,,,,
Tacrine,0,0,15,5689,,,,
Tacrolimus,0,8,15,5681,,,,
Tadalafil,0,1,15,5688,,,,
Tafamidis,0,0,15,5689,,,,
Tafluprost,0,0,15,5689,,,,
Talazoparib,0,0,15,5689,,,,
Taliglucerase alfa,0,0,15,5689,,,,
Talimogene laherparepvec,0,0,15,5689,,,,
Talinolol,0,0,15,5689,,,,
Tamoxifen,0,17,15,5672,,,,
Tamsulosin,0,37,15,5652,,,,
Tapentadol,0,3,15,5686,,,,
Tasimelteon,0,0,15,5689,,,,
Tasosartan,0,0,15,5689,,,,
Taurolidine,0,0,15,5689,,,,
Tavaborole,0,0,15,5689,,,,
Tazarotene,0,0,15,5689,,,,
Tazobactam,0,3,15,5686,,,,
Tedizolid,0,0,15,5689,,,,
Teduglutide,0,0,15,5689,,,,
Tegafur,0,3,15,5686,,,,
Tegaserod,0,0,15,5689,,,,
Teicoplanin,0,4,15,5685,,,,
Telaprevir,0,3,15,5686,,,,
Telavancin,0,0,15,5689,,,,
Telbivudine,0,1,15,5688,,,,
Telithromycin,0,0,15,5689,,,,
Telmisartan,0,6,15,5683,,,,
Telotristat,0,0,15,5689,,,,
Temazepam,0,9,15,5680,,,,
Temocapril,0,0,15,5689,,,,
Temocillin,0,0,15,5689,,,,
Temozolomide,0,25,15,5664,,,,
Temsirolimus,0,6,15,5683,,,,
Tenecteplase,0,0,15,5689,,,,
Teniposide,0,3,15,5686,,,,
Tenofovir alafenamide,0,1,15,5688,,,,
Tenofovir disoproxil,0,19,15,5670,,,,
Tenonitrozole,0,0,15,5689,,,,
Tenoxicam,0,0,15,5689,,,,
Terazosin,0,0,15,5689,,,,
Terbinafine,0,0,15,5689,,,,
Terbutaline,0,1,15,5688,,,,
Terconazole,0,0,15,5689,,,,
Terfenadine,0,0,15,5689,,,,
Teriflunomide,0,0,15,5689,,,,
Teriparatide,0,0,15,5689,,,,
Terizidone,0,0,15,5689,,,,
Terlipressin,0,0,15,5689,,,,
Terodiline,0,0,15,5689,,,,
Tesamorelin,0,0,15,5689,,,,
Testosterone,0,2,15,5687,,,,
Tetanus antitoxin,0,0,15,5689,,,,
Tetrabenazine,0,0,15,5689,,,,
Tetracaine,0,0,15,5689,,,,
Tetracosactide,0,0,15,5689,,,,
Tetracycline,0,1,15,5688,,,,
Tetrazepam,0,0,15,5689,,,,
Tetryzoline,0,0,15,5689,,,,
Thalidomide,0,90,15,5599,,,,
Theobromine,0,0,15,5689,,,,
Theophylline,0,0,15,5689,,,,
Thiamazole,0,2,15,5687,,,,
Thiamine (vit B1),0,3,15,5686,,,,
Thiamphenicol,0,0,15,5689,,,,
Thiethylperazine,0,1,15,5688,,,,
Thiocolchicoside,0,0,15,5689,,,,
Thioctic acid,0,1,15,5688,,,,
Thiomersal,0,0,15,5689,,,,
Thiopental,0,0,15,5689,,,,
Thioridazine,0,0,15,5689,,,,
Thiosulfate,0,7,15,5682,,,,
Thiotepa,0,66,15,5623,,,,
Thrombin,0,2,15,5687,,,,
Thymopentin,0,1,15,5688,,,,
Thyrotropin alfa,0,0,15,5689,,,,
Tiabendazole,0,0,15,5689,,,,
Tiagabine,0,0,15,5689,,,,
Tianeptine,0,3,15,5686,,,,
Tiapride,0,0,15,5689,,,,
Tiaprofenic acid,0,0,15,5689,,,,
Tibolone,0,0,15,5689,,,,
Ticagrelor,0,2,15,5687,,,,
Ticarcillin,0,0,15,5689,,,,
Ticlopidine,0,0,15,5689,,,,
Tienilic acid,0,0,15,5689,,,,
Tigecycline,0,1,15,5688,,,,
Tilactase,0,0,15,5689,,,,
Tildrakizumab,0,0,15,5689,,,,
Tilidine,0,0,15,5689,,,,
Timolol,0,11,15,5678,,,,
Tinidazole,0,0,15,5689,,,,
Tinzaparin,0,39,15,5650,,,,
Tioconazole,0,0,15,5689,,,,
Tioguanine,0,0,15,5689,,,,
Tiopronin,0,0,15,5689,,,,
Tiotixene,0,0,15,5689,,,,
Tipepidine,0,0,15,5689,,,,
Tipranavir,0,0,15,5689,,,,
Tiratricol,0,0,15,5689,,,,
Tirofiban,0,0,15,5689,,,,
Tiropramide,0,0,15,5689,,,,
Tivozanib,0,0,15,5689,,,,
Tixocortol,0,0,15,5689,,,,
Tizanidine,0,1,15,5688,,,,
Tocilizumab,0,12,15,5677,,,,
Tocopherol (vit E),0,1,15,5688,,,,
Tofacitinib,0,1,15,5688,,,,
Tofisopam,0,0,15,5689,,,,
Tolazoline,0,0,15,5689,,,,
Tolbutamide,0,0,15,5689,,,,
Tolcapone,0,0,15,5689,,,,
Tolmetin,0,0,15,5689,,,,
Tolnaftate,0,0,15,5689,,,,
Tolperisone,0,0,15,5689,,,,
Tolrestat,0,0,15,5689,,,,
Tolterodine,0,1,15,5688,,,,
Tolvaptan,0,0,15,5689,,,,
Topiramate,0,10,15,5679,,,,
Torasemide,0,38,15,5651,,,,
Toremifene,0,0,15,5689,,,,
Trabectedin,0,11,15,5678,,,,
Tramadol,0,52,15,5637,,,,
Tramazoline,0,0,15,5689,,,,
Trametinib,0,9,15,5680,,,,
Trandolapril,0,0,15,5689,,,,
Tranexamic acid,0,4,15,5685,,,,
Tranylcypromine,0,0,15,5689,,,,
Trapidil,0,0,15,5689,,,,
Trastuzumab,0,133,15,5556,,,,
Travoprost,0,0,15,5689,,,,
Trazodone,0,14,15,5675,,,,
Treosulfan,0,1,15,5688,,,,
Treprostinil,0,0,15,5689,,,,
Tretinoin,0,1,15,5688,,,,
Triamcinolone,0,4,15,5685,,,,
Triamterene,0,0,15,5689,,,,
Triazolam,0,1,15,5688,,,,
Tribenoside,0,0,15,5689,,,,
Trichlormethiazide,0,1,15,5688,,,,
Triclabendazole,0,0,15,5689,,,,
Triclofos,0,0,15,5689,,,,
Triclosan,0,0,15,5689,,,,
Trientine,0,0,15,5689,,,,
Trifluoperazine,0,0,15,5689,,,,
Trifluperidol,0,0,15,5689,,,,
Triflupromazine,0,0,15,5689,,,,
Trifluridine,0,0,15,5689,,,,
Triflusal,0,0,15,5689,,,,
Trihexyphenidyl,0,0,15,5689,,,,
Trilostane,0,0,15,5689,,,,
Trimebutine,0,0,15,5689,,,,
Trimetazidine,0,0,15,5689,,,,
Trimethadione,0,0,15,5689,,,,
Trimethobenzamide,0,0,15,5689,,,,
Trimethoprim,0,1,15,5688,,,,
Trimetrexate,0,0,15,5689,,,,
Trimipramine,0,0,15,5689,,,,
Triprolidine,0,0,15,5689,,,,
Triptorelin,0,0,15,5689,,,,
Trofosfamide,0,0,15,5689,,,,
Troglitazone,0,0,15,5689,,,,
Trolamine,0,1,15,5688,,,,
Troleandomycin,0,0,15,5689,,,,
Trometamol,0,0,15,5689,,,,
Tropatepine,0,0,15,5689,,,,
Tropicamide,0,0,15,5689,,,,
Tropisetron,0,15,15,5674,,,,
Trospium,0,0,15,5689,,,,
Trovafloxacin,0,0,15,5689,,,,
Troxerutin,0,0,15,5689,,,,
Troxipide,0,0,15,5689,,,,
Tryptophan,0,0,15,5689,,,,
Tulobuterol,0,0,15,5689,,,,
Tyloxapol,0,0,15,5689,,,,
Tyrothricin,0,0,15,5689,,,,
Ubidecarenone,0,0,15,5689,,,,
Udenafil,0,0,15,5689,,,,
Ulipristal,0,0,15,5689,,,,
Ulobetasol,0,0,15,5689,,,,
Umeclidinium bromide,0,3,15,5686,,,,
Undecylenic acid,0,0,15,5689,,,,
Urapidil,0,10,15,5679,,,,
Uridine triacetate,0,0,15,5689,,,,
Urofollitropin,0,0,15,5689,,,,
Urokinase,0,0,15,5689,,,,
Ursodeoxycholic acid,0,7,15,5682,,,,
Ustekinumab,0,1,15,5688,,,,
Valaciclovir,0,39,15,5650,,,,
Valbenazine,0,0,15,5689,,,,
Valdecoxib,0,0,15,5689,,,,
Valganciclovir,0,0,15,5689,,,,
Valproic acid,0,2,15,5687,,,,
Valpromide,0,0,15,5689,,,,
Valrubicin,0,0,15,5689,,,,
Valsartan,0,19,15,5670,,,,
Vandetanib,0,0,15,5689,,,,
Vardenafil,0,0,15,5689,,,,
Varenicline,0,0,15,5689,,,,
Vasopressin (Argipressin),0,1,15,5688,,,,
Vecuronium,0,0,15,5689,,,,
Vedolizumab,0,1,15,5688,,,,
Velaglucerase alfa,0,0,15,5689,,,,
Vemurafenib,0,4,15,5685,,,,
Venetoclax,0,14,15,5675,,,,
Venlafaxine,0,19,15,5670,,,,
Verapamil,0,9,15,5680,,,,
Verteporfin,0,0,15,5689,,,,
Vidarabine,0,0,15,5689,,,,
Vigabatrin,0,0,15,5689,,,,
Vilazodone,0,0,15,5689,,,,
Vildagliptin,0,1,15,5688,,,,
Vindesine,0,12,15,5677,,,,
Vinflunine,0,2,15,5687,,,,
Vinpocetine,0,0,15,5689,,,,
Vismodegib,0,4,15,5685,,,,
Voclosporin,0,0,15,5689,,,,
Voglibose,0,0,15,5689,,,,
Vorapaxar,0,0,15,5689,,,,
Voriconazole,0,6,15,5683,,,,
Vorinostat,0,4,15,5685,,,,
Vortioxetine,0,1,15,5688,,,,
Warfarin,0,8,15,5681,,,,
Xipamide,0,3,15,5686,,,,
Xylometazoline,0,0,15,5689,,,,
Yohimbin,0,0,15,5689,,,,
Zafirlukast,0,0,15,5689,,,,
Zalcitabine,0,0,15,5689,,,,
Zaleplon,0,0,15,5689,,,,
Zanamivir,0,0,15,5689,,,,
Ziconotide,0,0,15,5689,,,,
Zidovudine,0,3,15,5686,,,,
Zinc acetate,0,0,15,5689,,,,
Zinc chloride,0,0,15,5689,,,,
Zinc gluconate,0,0,15,5689,,,,
Zinc sulfate,0,0,15,5689,,,,
Ziprasidone,0,0,15,5689,,,,
Zofenopril,0,1,15,5688,,,,
Zoledronic acid,0,64,15,5625,,,,
Zolmitriptan,0,0,15,5689,,,,
Zolpidem,0,15,15,5674,,,,
Zomepirac,0,0,15,5689,,,,
Zonisamide,0,0,15,5689,,,,
Zopiclone,0,32,15,5657,,,,
Zorubicin,0,0,15,5689,,,,
Zotepine,0,0,15,5689,,,,
Zucapsaicin,0,0,15,5689,,,,
Zuclopenthixol,0,0,15,5689,,,,
